,37,39,41,59,63,67,75,90,91,99,106,107,116,119,124,129,137,139
0,izar,izar,izar,izar,izar,izar,izar,izar,izar,izar,izar,izar,izar,izar,izar,izar,izar,izar
1,iretargibete,ilbete,"iretargibete,ilbete",ilargibete,ilargibete,ilargibete,"ilargibete,ilargioso",ilargibete,"Ilargioso,ilargibete",ilargioso,ilargibete,ilargibete,ilargibete,ilargibete,ilargibete,argizagioso,argizagibete,argizagibete
2,ilbera,ilbera,ilbera,ilbera,ilbera,ilbera,"ilbera,ilondo",beherapen,"beherantz,beherapen","menduan,saunstian",beherapen,beherapen,beherapen,beherapen,beherapen,beherapen,"argizaribehe,eztiapen","eztiapen,kartiela"
3,eguzki,eguzki,eguzki,eguzki,eguzki,eguzki,eguzki,eguzki,eguzki,eguzki,eguzki,eguzki,eguzki,eguzki,eguzki,eguzki,"ekhi,joanes",ekhi
4,bero,bero,bero,bero,bero,bero,bero,bero,bero,bero,bero,bero,bero,bero,bero,bero,"bero,bello",bero
5,sargori,sargori,"sargori,kejoso","sargori,zalasta","sargori,trumoi-,-erre","sargori,zerrepel","sargori,faltso","sargori,sapa,zerrepel",sapa,,"sapa,pisu,egosi","sapa,pisu",sapa,sapa,"sapa,faltso,suspet","goha,suspet",gohin,pisu
6,"gerizpe,geriza",geriza,"gerizpe,itzal","itzal,geriza,erreino",itzal,itzal,"itzal,abaro",itzal,itzal,itzal,itzal,itzal,itzal,itzal,itzal,itzal,"itzal,arrabat","itzal,arrabat"
7,"denbora,egualdi","denbora,egualdi","denbora,egualdi","denbora,egualdi","denbora,egualdi",egualdi,egualdi,"denbora,egualdi",denbora,denbora,"denbora,aro","denbora,aro","denbora,aro","denbora,aro","denbora,aro,sasoin","denbora,aro","denbora,aro,bedau","denbora,aro"
8,haize,haize,"haize,aire",haize,haize,haize,haize,haize,haize,haize,haize,haize,haize,haize,haize,"haize,aire",haize,haize
9,"norteko haize,ife,alemanaizer",ipar,"norteko haize.ipar,beheko haize",ipar,"norteko haize,ipar","norteko haize,ipar,beheko haize","ipar,azpiaize",ipar,ipar,ipar,"ipar,haizebeltz,beheko haize",ipar,ipar,"ipar,beheko haize","norteko haize,ipar,beheko haize,itsaso haize,lapurdiko haize,","norteko haize,beheko haize","beheko haize,ipar","beheko haize,ipar"
10,egoaize,egoaize,"egoaize,goiko haize,haizepel","egoaize,herriko haize",egoaize,egoaize,egoaize,egoaize,egoaize,beheko haize,"haizegorri,egoaize,goiko haize",egoaize,"egoaize,egozuri,beheko haize",egoaize,"egoaize,haizebeltz",egoaize,"egoaize,ahüaize,basahego,mahumet",egoaize
11,zurrunbilo,sorginaize,zurrunbilo,zurrunbilo,zurrunbilo,zurrunbilo,sorginaize,sorginaize,erremolino,"urakan,inguru-inguru",zirimola,zirimola,zirimola,"zirimola,tiruritu","tiruritu,zirimola",mahumet,khübilo,mahumet
12,"haizepe,haizeeskutu","haizepe,haizeoste","haizegorde,haizeeskutu","babes,sarobe",babes,babes,babes,geriza,geriza,beroki,geriza,"malda,geriza","haizeitzal,malda",haizeitzal,"haizolbe,haizeitzal","haizekontra,haizolbe",haizolbe,haizolbe
13,aterpe,aterpe,"aterpe,estalpe","aterki,estalpe,leihor","estalpe,aterpe",aterpe,estalpe,leihor,leihor,aterpe,"leihor,aterpe,geriza","geriza,leihor,aterpe","leihor,aterpe",aterpe,"aterpe,geriza",aterpe,"haizolbe,aterpe",aterpe
14,laino,laino,laino,laino,laino,laino,laino,goibel,goibel,"goibel,nube","odei,laino","odei,laino","laino,odei","laino,odei",odei,odei,odei,odei
15,lainoitsu,lainoitsu,"erlaino,behelaino","sarrasoi,terral",terral,terral,erlaino,laino,laino,laino,bruma,bruma,"bruma,lankar",laino,laino,lainope,"laino,lainozola","laino,lainope"
16,amillanlaino,behelaino,erlaino,lanbro,"azpilaino,gandu","terral,gandu",erlaino,lanbro,herrilaino,laino,laino,bruma,bruma,"laino,lanbro","laino,lanbro","laino,lanbro",laino,laino
17,ilundu,ilundu,ilundu,ilundu,"ilundu,belztu,estali",ilundu,"ilundu,lainotu,estali","itzaldu,ilundu","goibeldu,ilundu",odeitu,"belztu,goibeldu,lainotu","ilundu,goibeldu","belztu,goibeldu",ilundu,"tapatu,belztu,goibeldu,kukutu,odeitu","kukutu,goibeldu","tapatu,ilundu","tapatu,belztu"
18,euri,euri,euri,euri,euri,euri,euri,euri,euri,euri,euri,euri,euri,euri,euri,euri,euri,euri
19,euria da,euria dihardu,euria dihardu,euria ari du,euria ari du,euria ari du,euria ari da,euria ari du,euria ari du,euria ari du,euria ari da,euria ari da,euria ari da,"euria ari da,euria da",euria ari du,euria ari da,euria ari da,euria ari da
20,denborale,"denboratxar,ekaitz","denborale,burruskada",ekaitz,"ekaitz,denborale","trumoiegualdi,denborale,ekaitz","denborale,euriketa",ekaitz,ekaitz,tormenta,"elementa,galarren,tenpestade","elementa,galarren","tenpestade,galarren","tenpestade,galarren","denboratxar,tenpestade,elementa,nekaiztu",denboratxar,"denboragaitz,arogaitz","denboratxar,arotxar,arogaitz,entsarri,intz-harri"
21,"eurigolpe,zaparrada",zaparrada,"zaparrada,eramaitu,idolaz","eurijasa,zaparrada","zaparrada,eurijasa","zaparrada,eurijasa",zaparrada,erauntzi,erauntzi,erauntzi,"erauntsi,euriuhar",erauntsi,euriuhar,"erauntsi,zurrupitan","euribrusta,eurieazarri,tarrapata","erauntsi,lahasi,euriuhar",erauntsi,"isola,euritxarraka"
22,"lanbro,eurixehe",lanbro,"lanbro,sirimiri,euriantz,lanpar",sirimiri,"lanbro,langar","gruma,lanbro","langar,lanbro",langar,langar,langar,lantxurda,lantxurda,"eurixehe,langar","lantzar,eurixirxir",lantzar,lantxurda,lantzar,"lantzar,lantxurda"
23,"trumoi,justuri",trumoi,"justuri,trumoi",trumoi,trumoi,trumoi,ortots,ortots,ortots,odei,iurtzuri,ortzi,"iurtzuri,ortzi","ortzantz,iurtzuri",ortzantz,ortzantz,"ülhüngü,dünda","ülhüngü,dünda"
24,"tximista,irestu",oinesitu,"oinesitu,tximista",tximista,tximista,tximista,oinastura,oinastura,oinastura,tximista,tximista,tximista,tximista,tximista,tximista,tximista,iñhaze,"iñhaze,tximista"
25,irestu,oinesitu,oinestarri,tximista,tximista,tximista,oinastura,airegaizto,airegaizto,"raio,tximista-txispa","ortzi,airegaizto",ortzi,airegaizto,airegaizto,"iurtzuri,airegaizto",airegaizto,iñhaze,dünda
26,odei,euri,"tormenta,zaparrada",ekaitz,"ekaiz,eraso,enbat","ekaitz,trumoi",odei,zaldizko,tormenta,tormenta,galerna,"galera,pesia",ortotz,,ortzaintzaire,"ortzantz,odeiaire","odeiaize,tenpestade",tenpestade
27,uztarku,uztarku,"uztarku,arkoiris",erromako zubi,erromako zubi,erromako zubi,jamgoikoan baranda,erromako zubi,erromako zubi,arkoiris,ortzadar,ortzadar,ortzadar,ortzadar,ortzadar,ortzadar,ortzadar,ortzadar
28,posu,posu,posu,putzuzulo,putzuzulo,posu,baltza,"posu,istil",posu,putzuto,posu,posu,"posu,liska,istil","istil,posu","posu,istil",istil,"istil,baltza","istil,klosko"
29,busti,busti,busti,busti,busti,busti,busti,busti,busti,busti,busti,busti,busti,"busti,trenpatu",busti,busti,"busti,trenpatu","busti,bustatu"
30,muna jausi,luperi,"lurrikari,nar",lurjausi,luezi,luezi,"gerrietu,lurjausi",lurmendi,lurmendi,,errestan,lehertze,"litatu,lehertze",lehertze,"lerratu,larrutu,lehertze","larrutu,lerratu",lurthatu,lurthatu
31,aterrune,aterbitarte,"aterrarte,aterri",aterri,aterrune,aterrune,"aterkuntza,aterri,atertu",aterkuntza,aterkuntza,atertu,"aterri,aterrarte",aterrarte,"aterri,aterrarte",aterrarte,"atertu,aterri,aterrarte,zeruzahar","aterrarte,aterri","atertu,aterri,zeruzahar,jauntziarte,aterrarte","leiho,zeruzahar,aterrarte,aterri"
32,"siketa,lehorte",siketa,"lehorte,siketa",lehorte,lehorte,lehorte,"sekura,seko,sekia",idorte,idorte,,idorte,idorte,idorte,idorte,idorte,idorte,idorte,idorte
33,"sikatu,agortu",agortu,"agortu,sikatu","agortu,ahitu","agortu,lehortu","sikatu,lehortu,agortu",sikatu,agortu,agortu,xukatu,agortu,agortu,agortu,agortu,agortu,agortu,agortu,agortu
34,harri,harri,"harri,hazkabar",harri,harri,harri,harri,harri,harri,harri,harri,harri,harri,harri,harri,harri,harri,harri
35,txingor,txingor,"txingor,kizkor","txingor,abazuza","kazkabar,txingor",kazkabar,kazkabar,kazkabar,"kazkabar,zizerkor","granizo,txitxor",abazuza,abazuza,abazuza,babazizkor,babazizkor,"txitxor,abazuza","kazkabar,txitxor",txitxor
36,"ondatu,apurtu",apurtu,"zulatu,ondatu,zuzitu,austi,pikau",ondatu,"ondatu,desegin,txikitu","ondatu,izorratu,txikitu","txikitu,hautsi,puzkatu,ondatu","xehatu,porrokatu","arrasatau,xehatu,ondatu,desegin",galtzaegotzi,"xehatu,funditu,ondatu","funditu,ondatu,andeatu","xehatu,ondatu,suntsitu,funditu","zirtzilikatu,andeatu,suntsitu,funditu,xehakatu","funditu,xehatu,porrokatu,xingolatu,urratu,zirtzilikatu,zaflatu,inpuldu,deoilatu,andeatu,sntsitu","xehakatu,andeatu","arrabaztu,arrabazki,xehatu,porroki,txarpatu","xehakatu,txarpatu,porroki,xehatu,andeatu,itxes,degat,ilunkatu"
37,"ihintz,inontz",ihintz,inontz,ihintz,"ihintz,basura",ihintz,"sereno,ihintz",ihintz,ihintz,aguazon,ihintz,,ihintz,"izarrihintz,ihintz","mana,ihintz,xeden",izarrihintz,"zohartihitz,ihintz,xeden","ihintz,xeden"
38,hotz,hotz,hotz,hotz,hotz,hotz,hotz,hotz,hotz,hotz,hotz,hotz,hotz,hotz,hotz,hotz,hotz,hotz
39,"friolero,hozpera",hotzikara,"hotzakil,hozpera",hozkil,hozpera,hozpera,hotzadala,izoztu,izoztu,"friolero,izoztu",hozpera,hozpera,hozpera,"hozkil,beratz",hozkil,hozpera,hozpera,hozpera
40,izotz,izotz,izotz,izotz,izotz,izotz,"izotz,orma",izotz,izotz,izotz,"gezal,izotz",izotz,izotz,izotz,izotz,karroin,izotz,"ihintzotz,izotz,kharda"
41,izozbeltz,izozbeltz,izotz,jela,"izozbeltz,jela",izozbeltz,izozbeltz,orma,orma,izotz,"orma,ormabeltz","orma,ormabeltz","orma,ormabeltz,ormakarroin","orma,karroin,karroinbeltz","orma,ormabeltz,mitratu",karroin,"karroin,karruleida",khardabeltz
42,edur,edur,edur,elur,elur,elur,elur,elur,elur,elur,elur,elur,elur,elur,elur,elur,elur,elur
43,mataza,maluta,mataza,maluta,mataza,mataza,elurkopa,"elurzati,zafla",zafla,kopo,"elurluma,elurpikort,zafla","elurluma,elurpikort","elurluma,elurpikort","elurluma,elurgatz","elurluma,zafla","flokoin,elurluma","elurluma,kanü","elurpikort,elurluma"
44,garranga,kandela,"garranga,txintxirri","kandela,burruntzi",burruntzi,burruntzi,lantzeta,txistor,"kole,txistor",txistor,"berin,txistor","orma,kandela",txistor,ziri,tortxa,metxa,kandela,kandela
45,urtu,"urtu,lurmendu",urtu,urtu,"lurmendu,urtu","urtu,lurmendu",urtu,urtu,urtu,elurra fan,urtu,urtu,urtu,urtu,urtu,urtu,urtu,urtu
46,labandu,labandu,"labandu,laprastatu","irristatu,txirrist egin,labandu",irristatu,irristatu,irristatu,irristatu,irristatu,resbalatu,lerratu,lerratu,"lerratu,errestatu",lerratu,"lerratu,txirrist egin",lerratu,lerratu,"lerratu,larrutu,meskabitu"
47,egun,egun,egun,egun,egun,egun,egun,egun,egun,egun,egun,egun,egun,egun,egun,egun,egun,egun
48,astelehen,astelehen,astelehen,astelehen,astelehen,astelehen,astelehen,astelehen,astelehen,astelehen,astelehen,astelehen,astelehen,astelehen,astelehen,astelehen,astelehen,astelehen
49,martitzen,martitzen,martitzen,astearte,astearte,astearte,astearte,astearte,astearte,astearte,astearte,astearte,astearte,astearte,astearte,astearte,astearte,astearte
50,"eguazten,asteazken",eguazten,eguazten,asteazken,asteazken,asteazken,asteazken,asteazken,asteazken,asteazken,asteazken,asteazken,asteazken,asteazken,asteazken,asteazken,asteazken,asteazken
51,eguen,eguen,eguen,ostegun,ostegun,ostegun,ostegun,ortzegun,ortzegun,ortzegun,ortzegun,ortzegun,ortzegun,ortzegun,"ostegun,ortzegun",ostegun,ortzegun,ostegun
52,egubakoitz,bariku,egubakoitz,ostiral,ostiral,ostiral,ostiral,ortziral,ortziral,ortziral,ortziral,ortziral,ortziral,ortziral,ortziral,ostiral,ostiral,ostiral
53,zapatu,zapatu,zapatu,larunbat,larunbat,larunbat,larunbat,larunbat,larunbat,larunbat,larunbat,larunbat,larunbat,ebiakoitz,ebiakoitz,ebiakoitz,neskenegun,neskenegun
54,domeka,domeka,domeka,igande,"jai,igande",igande,igande,igande,igande,igande,igande,igande,igande,igande,igande,igande,igande,igande
55,aste,aste,aste,aste,aste,aste,aste,aste,aste,aste,aste,aste,aste,aste,aste,aste,aste,aste
56,uda,uda,uda,udara,udara,udara,uda,uda,uda,uda,uda,uda,uda,uda,uda,uda,uda,uda
57,udazken,udazken,udazken,udazken,"udatzen,udaratzen",udazken,udazken,urri,urri,abendu,"larrazken,udazken",udazken,larrazken,larrazken,larrazken,larrazken,larrazken,larrazken
58,negu,negu,negu,negu,negu,negu,negu,negu,negu,negu,negu,negu,negu,negu,negu,negu,negu,negu
59,udaberri,udaberri,udaberri,udaberri,"primabera,udaberri",udaberri,primabera,primabera,primabera,primabera,"primadera,udaberri","primadera,udaberri",primadera,primadera,primadera,primadera,bedatse,bedatse
60,"hila,hilabete","hila,hilabete",hilabete,hilabete,"hila,hilabete","hila,hilabete","hilabete,hila",hilabete,hilabete,hilabete,hilabete,hilabete,hilabete,hilabete,hilabete,hilabete,hilabete,hilabete
61,enero,enero,ilbeltz,enero,ilbeltz,ilbeltz,ilbeltz,ilbeltz,ilbeltz,"izotzila,neguila",urtarrila,urtarrila,urtarrila,urtarrila,urtarrila,urtarrila,urtaila,urtaila
62,febrero,febrero,otsail,"otsail,febrero",otsail,otsail,otsail,otsail,otsail,otsail,otsail,otsail,otsail,otsail,otsail,otsail,bantail,bantail
63,marti,martxo,"epail,marti","martxo,epail",martxo,martxo,martxo,martxo,martxo,martxo,martxo,martxo,martxo,martxo,martxo,martxo,martxo,martxo
64,apiril,abril,apiril,apiril,apiril,apiril,apiril,apiril,apiril,apiril,apiril,apiril,apiril,apiril,apiril,apiril,apiril,apiril
65,maiatz,mayo,"maiatz,lorail",maiatz,maiatz,maiatz,maiatz,maiatz,maiatz,maiatz,maiatz,maiatz,maiatz,maiatz,maiatz,maiatz,maiatz,maiatz
66,junio,junio,garagarril,junio,junio,garagarril,garagartzaro,ekain,eriaro,garagartzaro,"ekain,eriaro",eriaro,"ekain,eriaro",ekain,ekain,ekain,arramaiatz,arramaiatz
67,julio,julio,uztail,julio,"julio,uztail",uzta,garil,garagartzaro,julio,garil,uztail,uztail,uztail,uztail,uztail,uztail,uztail,uztail
68,agosto,agosto,"dagonil,agosto",agosto,agosto,agosto,abuztu,abuztu,agosto,"agosto,abuztu","agosto,agorril",abuztu,"agosto,agorril",agorril,agorril,agorril,agorril,agorril
69,setienbre,setienbre,"agor,agorril",setienbre,"setienbre,agor",setienbre,urri,buruil,setienbre,bigarren agustu,buruil,buruil,buruil,buruil,buruil,buruil,seteme,seteme
70,oktubre,oktubre,"urril,urri","oktubre,urril","urril,oktubre",urri,lastail,urri,"urri,buruil",azaro,urri,urri,urri,urri,urri,urri,urrieta,urrieta
71,"nobienbre,zemendi",nobienbre,"azaro,zemendi","nobienbre,azaro",azaro,azaro,azaro,azaro,nobienbre,abendu,"hazil,azaro",hazil,hazil,azaro,azaro,azaro,azaro,azaro
72,dizienbre,dizienbre,abendu,"dizienbre,abendu",abendu,abendu,abendu,abendu,abendu,bigarren abendu,abendu,abendu,abendu,abendu,abendu,abendu,abendu,abendu
73,urte,urte,urte,urte,urte,urte,urte,urte,urte,urte,urte,urte,urte,urte,urte,urte,urte,urte
74,iaz,"aurreko urtean,lehengo urtean,iaz",joan den urtean,"pasa den urtean,joan den urtean","joan den urtean,lehengo urtean,iaz,iazko urtean","lehengo urtean,iaz",joan den urtean,"joan den urtean,iaz","joan den urtean,iaz",iaz,"iazko urtean,iaz,joan den urtean","iazko urtean,iaz,joan den urtean","joan den urtean,iaz","joan den urtean,iaz","iaz,joan den urtean",iaz,"iragan urtean,iragan den urtean",iragan urtean
75,aurten,aurten,aurten,aurten,"aurtengo urtean,urte honetan,aurten",aurten,aurten,aurten,aurten,aurten,"aurtengo urtean,aurten",aurten,aurten,aurten,aurten,aurten,"urte honetan,aurten",aurten
76,datorren urtean,datorren urtean,datorren urtean,datorren urtean,hurrengo urtean,datorren urtean,"heldu den urtean,datorren urtean",heldu den urtean,"datorren urtean,heldu den urtean",jiten den urtean,heldu den urtean,heldu den urtean,heldu den urtean,heldu den urtean,heldu den urtean,heldu den urtean,dagun urtean,dagun urtean
77,gaur,gaur,gaur,gaur,gaur,gaur,gaur,gaur,gaur,egun,"egun,gaur",egun,egun,"egun,gaur","egun,gaur",egun,egun,egun
78,atzo,atzo,atzo,atzo,atzo,atzo,atzo,atzo,atzo,atzo,atzo,atzo,atzo,atzo,atzo,atzo,atzo,atzo
79,herenegun,herenegun,herenegun,herenegun,herenegun,herenegun,herenegun,herenegun,herenegun,herenegun,"herenegun,atzodamu","herenegun,atzodamu",herenegun,herenegun,herenegun,herenegun,herenegun,herenegun
80,bihar,bihar,bihar,bihar,bihar,bihar,bihar,bihar,bihar,bihar,bihar,bihar,bihar,bihar,bihar,bihar,bihar,bihar
81,etzi,etzi,etzi,"bihar pasatuta,etzi",etzi,etzi,etzi,etzi,etzi,etzi,etzi,etzi,etzi,etzi,etzi,etzi,etzi,etzi
82,etzilimo,etzidamu,etzilimo,etzidamu,etzidamu,etzidamu,etzidamu,etzidamu,etzidamu,etzidamu,etzidamu,etzidamu,etzidamu,etzidamu,etzidamu,etzidamu,etzidamu,etziago
83,bezpera,bezpera,"bezpera,aurreko egun",bezpera,bezpera,bezpera,bezpera,bezpera,bezpera,bezpera,bezpera,bezpera,bezpera,bezpera,bezpera,bezpera,"bezpera,aitzineko egun",bezpera
84,bihar goizean,biharamon,biharamon,biharamon,biharamon,"hurrengo egun,biharamon",biharamon,biharamon,"biharamon,beste egun",biharamon,biharamon,biharamon,biharamon,biharamon,biharamon,biharamon,biharamon,biharamon
85,bart,bart,"atzo gauean,bart","atzo gauean,bart arratsean","atzo gauean,bart,arratsean","atzo gauean,bart,bart arratsean","atzo gauean,bart","atzo arratsean,bart",atzo arratsean,"atzo arratsean,barda","atzo arratsean,barda arratsean","atzo arratsean,barda",barda,"atzo arratsean,barda",barda,barda,barda,barda
86,"egunsenti,egunabar",egunsenti,"egunsenti,egunabar","alba,goizargi,egun zabaltze,egunsenti",eguntxirrinta,egunsenti,egunsenti,"argiaste,goizargi",argiaste,argizabal,"argiaste,argitxirrinta",argiaste,"argiaste,argitxirrinta","argiaste,argitxirrinta","argiaste,argitxirrinta,argiurratze",argitxirrinta,"argiozkorri,argiaste,ubel,argitxirrinta","argileinu,ekixelkigia,elkixelkitze,argiaste"
87,goizalde,goizalde,"gauerdioste,goizalde",goizalde,"goizalde,goiz",goizalde,goizalde,goizalde,goizalde,goiztar,goizalde,goizalde,goizalde,"goiz goizik,goizalde","goizalde,goiz,argia gabe","goiz,goizean goiz","goizean goiz,goizean",goiz
88,goiz,goiz,goiz,"goiz,eguerdiarte","goiz,eguerdiarte","eguerdiarte,goiz","goiz,goiztegi",goiz,goiz,goiz,"goiz,goizondo",goiz,goiz,goiz,goiz,goiz,goizalde,"goiz,goizalde"
89,eguerdi,eguerdi,eguerdi,eguerdi,eguerdi,eguerdi,eguerdi,eguerdi,eguerdi,eguerdi,eguerdi,eguerdi,eguerdi,eguerdi,eguerdi,eguerdi,eguerdi,eguerdi
90,"arratsalde,bazkaloste",arratsalde,arratsalde,arratsalde,arratsalde,"arratsalde,bazkalondo","arratsalde,bazkalondo",arratsalde,arratsalde,arratsalde,arratsalde,arratsalde,arratsalde,arratsalde,"arratsalde,eguerdiondo",arratsalde,arrasti,"arrasti,arratsalde"
91,ilunkera,iluntze,"ilunkera,ilunabar","ilunabar,ilunar","ilunabar,iluntze,arrats","ilunabar,iluntze",iluntze,ilunabar,ilunabar,ilun,"iluntze,ilunabar",arrats,"ilunabar,iluntze","arrastiri,iluntze",arrastiri,"iluntze,ilunar","iluntze,gaur,ilunabar","ilunabar,arrastiri apal,gaur"
92,gau,gau,gau,gau,gau,"gau,arrats",gau,gau,gau,gau,"gau,ilun,arrats",gau,"gau,ilun",gau,"gau,ilun","gau,arrats",gau,gau
93,gauerdi,gauerdi,gauerdi,gauerdi,gauerdi,gauerdi,gauerdi,gauerdi,gauerdi,gauerdi,gauerdi,gauerdi,gauerdi,gauerdi,gauerdi,gauerdi,gauerdi,gauerdi
94,egunon,egunon,egunon,egunon,egunon,egunon,egunon,egunon,egunon,egunon,jinkoak dizula egunon,egunon,"egunon,jainkoak dizula egunon","egunon,jainkoak dizula egunon","egunon,jinkoak dizula egunon",egunon,egunon,egunon
95,eguerdion,eguerdion,eguerdion,eguerdion,eguerdion,arratsaldeon,egunon,egunon,arratsaldeon,egunon,"egunon,jinkoak dizula egunon",egunon,egunon,egunon,egunon,egunon,arrastion,egunon
96,arratsaldeon,arratsaldeon,arratsaldeon,arratsaldeon,arratsaldeon,arratsaldeon,arratsaldeon,arratsaldeon,arratsaldeon,arratsaldeon,jinkoak dizula arratsaldeon,arratsaldeon,arratsaldeon,arratsaldeon,"arratsaldeon,jinkoak dizula arratsaldeon",arratsaldeon,arratsaldeon,arrastion
97,arratsaldeon,arratsaldeon,arratsaldeon,arratsaldeon,arratsaldeon,arratsaldeon,arratsaldeon,arratsaldeon,arratsaldeon,arratsaldeon,arratsaldeon,arratsaldeon,arratsaldeon,arratsaldeon,jinkoak dizula arratsaldeon,arratsaldeon,arratsaldeon,arrastion
98,"ilunkaraon,arratsaldeon",iluntzeon,ilunkaraon,"arratsaldeon,gauon",gauon,"arratsaldeon,gauon","arratsaldeon,gauon","arratsaldeon,gauon",gauon,"arratsaldeon,gauon",jinkoak dizula arratsaldeon,arratsaldeon,gauon,arratsaldeon,gauon,arratsaldeon,gauon,gauon
99,gauon,gauon,gauon,gauon,gauon,gauon,gauon,gauon,gauon,gauon,gauon,gauon,gauon,gauon,gauon,gauon,gauon,gauon
100,goiz,goiz,goiz,goiz,"garaiz,goiz","goiz,garaiz","goiz,liztogi",goizik,"goizik,fite",fite,"goiz,goizik",goizik,"goiz,goizik",goiz,goizik,"goizik,goiz,ahantzu","goizik,goiz",goizik
101,"berandu,belu",berandu,berandu,berandu,berandu,berandu,berandu,berandu,berandu,berant,berant,"berant,gibelamenduarekin",berant,berant,berant,berant,berant,berant
102,lehen,"sasoi,antzina","sasoi,aspaldi,antzina","antzina,sasoi","garai,antzina,lehen",garai,"lehen,aurretik,aspaldi",denbora,lehen,lehengo denbora,"lehen,aspaldi","lehen,aspaldi","lehen,aspaldi","lehen,aspaldi,bertzorduz,denbora","lehen,denbora,aspaldi","lehen,aspaldi,lehengo denbora","lehen,iragan aspaldi,aspaldiko partez","lehen,aspaldi,bertzorduz"
103,orain,orain,orain,orain,orain,orain,orain,orain,orain,orain,orain,orain,orain,orain,orain,orain,orain,orain
104,beti,beti,beti,beti,beti,beti,beti,beti,beti,beti,beti,beti,beti,beti,beti,beti,beti,beti
105,derrepente,derrepente,"berehala,laster,aurki,atoan,behingoan","segiduan,laster,ondoan,berehala",segiduan,"segiduan,berehala","berehala,segiduan,presaka","segiduan,agudo",berehala,berehala,"kuxian,berehala,fite","berehala,kuxian,brista-brista,fite","berehala,fite,segiduan",berehala,"berehala,abian",berehala,"arrunt,istantean,berehala","arrunt,berehala,derrepente"
106,oraindino,oraindino,oraindino,"oraindik,oraindikan",oraindik,"oraindik,oraindikan,oraindino",oraindino,oraindik,oraindik,oraindino,oraindino,oraindino,oraindino,oraindino,oraindino,oraindino,oraindino,oraindino
107,Poliki-poliki,Apurka-apurka,"Poliki-poliki,apurka-apurka,geldiro-geldiro,pitika-pitika","Pixkaka-pixkaka,poliki-poliki",pixkaka-pixkaka,pixkaka-pixkaka,"Geldiro-geldiro,pixkaka-pixkaka",Pixkaka-pixkaka,"Pixkaka-pixkaka,pitaka-pitaka",Emeki-emeki,"Emeki-emeki,baratxe-baratxe","Pitaka-pitaka,emeki-emeki","Puxka-puxkaka,emeki-emeki","Pitaka-pitaka,emeki-emeki",Emeki-emeki,Emeki-emeki,"Baratxe-baratxe,emeki-emeki",Emeki-emeki
108,soseguz,soseguz,"soseguz,astiro,poliki",geldiro,"poliki,despazio,geldiro,motel","geldi,despazio,mantso",geldiro,mantso,mantso,emeki,"emeki,eztiki,baratxe","emeki,astiro,eztiki","emeki,eztiki","emeki,erreposki,eztiki","emeki,erreposki,terter","erreposki,terter","baratxe,emeki,urriki",baratxe
109,agudo,bizkor,"azkar,laster","mogitu,azkar",azkar,mogitu,"listo,mogitu",mogitu,mogitu,presa,"mogitu,laster,erne","erne,mogitu,presa",erne,erne,"erne,presa",erne,zotuka,"zotuka,haigu berehala,erne"
110,"denbora,asti","denbora,asti","denbora,asti","denbora,beta","denbora,beta","denbora,beta","denbora,beta","denbora,asti",denbora,denbora,"asti,denbora",asti,"denbora,asti","asti,aizina","asti,aizina,denbora",aizina,"denbora,aizina","aizina,arte"
111,orduan,orduan,orduan,orduan,orduan,orduan,orduan,orduan,orduan,orduan,orduan,orduan,orduan,orduan,orduan,orduan,orduan,orduan
112,lehen,lehen,lehen,lehen,lehen,lehen,lehen,lehen,"lehen,aresti",lehen,"lehen,aintzin,gabe",lehen,"aresti,lehen,gabe","aintzin,gabe,lehen","aintzin,lehen,gabe","lehen,gabe","lehen,gabe","aintzin,lehen,gabe"
113,gero,gero,"gero,ondoren",gero,gero,gero,gero,gero,gero,gero,"gero,ondoan,landa,lekura","gero,ondoan,landa,lekura","gero,ondoan","gero,ondoan,landa","gero,pasatuta,ondoan,landa","gero,landa","gero,landa,ondoan","gero,landa,eta,ondoan"
114,momentu,"istante,une","momentu,takada,une","momentu,une","momentu,istante,une",momentu,"istante,momentu",momentu,momentu,momentu,istante,"momentu,istante","momentu,istante",istante,"istante,momentu",istante,"istante,momentu","amiñi,istante,momentu"
115,"segituan,oraintxe,laster",laster,berehala,segituan,"segituan,berehala","segituan,azkar,laster","berehala,segituan","agudo,berehala",berehala,berehala,"istante,sarri",istante,sarri,"istante,berehala,sarri","sarri,bulta",sarri,sarri,sarri
116,agudo,bizkor,"azkar,bizkor,arin,agudo","azkar,segituan,bizkor",azkar,azkar,"listo,azkar",agudo,fite,fite,"zalui,fite,laster","fite,laster,zalui",fite,fite,"zalui,laster,zalui,fite",fite,"zalui,fite","zalui,bertan"
117,ordu,ordu,ordu,ordu,ordu,ordu,ordu,ordu,ordu,"oren,tenore","ordu,oren,tenore","oren,tenore","oren,tenore","oren,tenore,ordu","ordu,tenore,oren","oren,tenore",tenore,tenore
118,urteberri,urteberri,urteberri,urteberri,urteberri,urteberri,urteberri,urteberri,urteberri,urteberri,"urtats,urteberri",urtats,urtats,urtats,urtats,urtats,urtats,urtats
119,kandelario,kandelario,kandelario,kandelario,kandelario,kandelario,kandelario,kandelario,kandelario,kandelario,kandelario,kandelario,kandelario,kandelario,kandelario,kandelario,kandelario,kandelario
120,karnabal,"aratuste,karnabal","karnabal,inauteri,aratuste",karnabal,karnabal,karnabal,inauteri,inauteri,inauteri,"inauteri,karnabal",inauteri,inauteri,inauteri,inauteri,inauteri,"inauteri,pantzart",inauteri,inauteri
121,hautsan egun,hautsan egun,hautsan egun,hautserre egun,hautserre egun,hautserre egun,hautserre egun,hauste,hauste,hauste,hauste,hauste,hauste,"hautsasteazken,hauste",hauste,hauste,hauste,hauste
122,garizuma,garizuma,garizuma,garizuma,garizuma,garizuma,garizuma,garizuma,garizuma,garizuma,garizuma,garizuma,garizuma,garizuma,garizuma,garizuma,goxuma,goxuma
123,erramudomeka,erramudomeka,erramuegun,erramuegun,erramuegun,erramuegun,erramuegun,erramuegun,erramuegun,erramuigande,erramuegun,erramuegun,erramuegun,erramuegun,erramuegun,erramuegun,erramuegun,erramuegun
124,pazko,pazko,pazko,pazko,pazko,pazko,pazko,pazko,pazko,pazko,pazko,pazko,pazko,pazko,pazko,pazko,pazko,pazko
125,korpusti,korpusti,korpusti,korpusti,korpusti,korpusti,korpusti,bestaberri,bestaberri,korpusti,bestaberri,bestaberri,bestaberri,bestaberri,bestaberri,bestaberri,bestaberri,bestaberri
126,amabirjina,andremari,andremari,amabirjina,amabirjina,amabirjina,amabirjina,amabirjina,amabirjina,amabirjina,andredenamari,andredenamari,andredenamari,andredenamari,andredenamari,"amabirjina,andredenamari",andredenamari,andredenamari
127,santu guztien egun,domusantu,"santu guztien egun,domusantu",santu guztien egun,santu guztien egun,santu guztien egun,domusantu,domusantu,"santu guztien egun,domusantu",domusantu,omiasaindu,omiasaindu,omiasaindu,omiasaindu,omiasaindu,"domusantu,omiasaindu",domusantu,domusantu
128,natibitate,natibitate,"natibitate,eguberri",eguberri,eguberri,eguberri,pazko,eguberri,eguberri,"natibitate,eguberri",eguberri,eguberri,eguberri,eguberri,eguberri,eguberri,natibitate,natibitate
129,herriko festa,herriko festa,"herriko festa,herriko jai",herriko festa,herriko festa,herriko festa,herriko festa,festaburu,herriko festa,herriko festa,herriko festa,herriko festa,herriko festa,herriko festa,"herriko festa,elizabesta",herriko festa,"elizabesta,herriko festa,herriko jai","herriko festa,elizabesta,herriko jai"
130,aldapa,aldapa,"bizkar,aldatz,aldapa","aldapa,pendiz,malda","aldapa,malda","aldapa,malda",aldapa,malda,malda,aldapa,"malda,aldapa,patar","patar,malda","malda,patar","patar,malda","petigora,zut,gainbera,patar","patar,malda","mazela,zerra,patar","mazela,patar,panta"
131,mendi,mendi,mendi,mendi,mendi,mendi,mendi,mendi,mendi,mendi,"mendi,bortu",mendi,"mendi,bortu","mendi,bortu","mendi,bortu","mendi,bortu","bortu,mendi","mendi,bortu"
132,"gailur,punta",punta,"tontor,gailur","mutur,tontor","tontor,gailur","mutur,gailur,tontor,bizkar","gain,punta,hegi","kasko,bizkar",kasko,piku,"tunturru,kasko,punta","punta,zelai,tontor,mendizorrotz,kasko","kasko,gain,tontor,tunturru,punta","tunturru,bizkar,kasko","muño,kasko,tunturru,tontor,punta,bizkar,hegi","kasko,gain,tunturru,thini","punta,kasko,hegi,zerra,bizkar,tontor","bizkar,hegi,gain,mutur,thini,kukula,kasko,zerra"
133,"leize,zulo",leize,"koba,leize",leize,leize,"leize,zulo",leize,leize,leize,"leize,osin",leize,"zulo,leize",leize,"leize,putzu",leize,"putzu,osin,leize","leize,zulo",leize
134,"hegal,malda",bizkar,"bizkar,erripa",pendiz,hegal,aldapa,"barga,alde,bargazier","mazel,izlei",,"gainbehera,petigora","mazel,paret","mazel,paret",mazel,mazel,"ixuri,paret,mazel,malda","paret,ixuri","mazel,aztal,uraldi","mazel,paret"
135,eguzkibegi,eguzkibegi,"ibargi,eguzkibegi",egutera,egutera,"egutera,eguzki-","egutera,eguzkialde","eguzkialde,eguzkibegi",eguzkibegi,ekialde,eguzkialde,eguzkibegi,eguzkibegi,eguzkibegi,eguzkibegi,eguzki-,ekhibegi,ekhibegi
136,ainube,"kontrasol,ainube","ainube,laiotz",ospel,ospel,ospel,"itzal,itzalalde",ospel,ospel,oeske,eguzki-,eguzki-,utsal,ospel,"ospel,eguzki-,oiheski","eguzki-,ospel",itzal-,"gibel,itzal,enbez"
137,igo,igo,igo,igo,igo,igo,igo,igon,igon,igon,"upatu,igon,goiti joan",igon,"goiti joan,igon",igon,igon,"goiti joan,igon",igon,betigora igon
138,"bajatu,jatsi",bajatu,"jatsi,beheratu","jatsi,beheratu,behera joan",jatsi,jatsi,jatsi,jatsi,jatsi,jatsi,"beititu,beiti jatsi",jatsi,jatsi,jatsi,jatsi,"jatsi,beiti jin",jatsi,jatsi
139,"lautada,esplanada","lau,llanada,lautada","laundara,zabaltoki",ordeka,"zelai,ibar",zelai,zelai,zelai,zelai,ordoki,"zelai,ordoki","planu,zelai,ordoki","zelai,ordoki","zelai,ordoki","ordoki,zelai",ordoki,"naba,ordoki,planu","ordoki,planu,naba,urrupea"
140,barranko,makar,"malkar,malda,terraplen,errekarro,arroska",barranko,"mendisakon,malkar","malkar,amildegi",sakan,errekazintzur,malkar,"errekazta,barranko","erreka,arroil",arroil,,,"erreka,ziztur,arroil",erreka,arroil,arroil
141,jausi,bueltaka joan,"jausi,amildu,irristan egin",amildu,amildu,"erori,gainbehera erori,goitibehera erori,amildu","bota,inburuzka",erroiztu,erroiztu,erori,"lerratu,zirriztatu","lerratu,zirristatu","lerratu,erroiztu,larrutu,meskabitu","lerratu,larrutu","larrutu,meskabitu",larrutu,"larrutu,terestatu","lerratu,baxanbehera joan,tililikaz"
142,harri,harri,harri,harri,harri,harri,harri,harri,harri,harri,harri,harri,harri,harri,harri,harri,harri,harri
143,haitz,"harkaitz,haitz","haitz,harkaitz","arroka,harkaitz",harkaitz,harkaitz,"barga kozkor,malkor",peña,peña,roka,harroka,harroka,"harroka,peña","harri kotor,harroka","peña,harroka","harroka,peña","harroka,botxü","botxü,harribotxü"
144,trabatu,estropesau,estropesau,estrapuzu egin,estrapuzu egin,ostrapozka egin,aztapatu,muturkatu,muturkatu,"tropezatu,estropesau","andar egin,behaztopatu,trebukatu","trebukatu,behaztopatu",behaztopatu,"aztapatu,behaztopatu","behaztopatu,harri ostikoa hartu,erortzer","trebukatu,beaztopatu","behaztopatu,trabatu","behaztopatu,trebukatu"
145,erreka,erreka,erreka,"errio,ibai",ibai,"erreka,ibai",ubelde,"erreka,ugalde","ugalde,erreka",ugalde,"urerreka,urandi",urandi,urandi,urandi,"erreka,urandi,ur",urandi,uhaitz,"uhaitz,erreka"
146,"errekatxo,erreka txiki",erreka,errekatxo,erreka,erreka,erreka txistor,erreka,"baserreka,erreka","erreka tal,erreka txar",erreka,ur xirripa,"urerreka,ur xirripa","erreka,ur xirripa","erreka,errekaño","iturri,errekasto",erreka,"erreka,errekila","erreka,errekila"
147,zubi,zubi,zubi,zubi,zubi,zubi,zubi,zubi,zubi,zubi,zubi,zubi,zubi,zubi,zubi,zubi,zübü,zübü
148,igeri egin,igeri egin,igeri egin,igeri egin,igeri egin,igeri egin,igerikatu,igerika egin,igerika ari,igeri egin,igerika ari,igerika ari,igerika ari,igerika ari,igerika ari,igerika ari,igexka ari,igexkatu
149,ito,ito,ito,ito,ito,ito,ito,ito,ito,ito,ito,ito,ito,ito,itho,ito,itho,itho
150,"gainezka egin,desbordau",urten,gainezka egin,gainezka egin,atera,"atera,gainezka egin",atera,goititu,"atera,igon","elki,bere amati kanpo","atera,soperna,gainditu","soperna,ganditu,atera",gainditu,atera,gainditu,gaindi egin,"guatzen,gaiztu,elki,gainditu","gaindi,gainditu,engorgu"
151,"uriol,inundazio","ujel,inundazio","uriol,urandi,uramil","ujal,aneatu","ujalte,ugalde","inundazio,ugalde","inundazio,inundatu",ubaro,ubaro,inundatu,"soperna,ugalde,inundazio",soperna,ugalde,"urak hartu,uarre,inundazio",uhaste,"inundazio,uhaste","urpe egin,urte","urte,urak gainti,uhalde"
152,garbi,garbi,garbi,"garbi,argi",garbi,garbi,garbi,garbi,garbi,garbi,argi,argi,"argi,garbi",garbi,"garbi,argi",garbi,"garbi,klar","klar,argi"
153,loi,zikin,"loi,zikin",zikin,"arre,zikin","arre,zikin",zikin,zikin,zikin,bular,"zikin,arre",zikin,"zikin,lohi",zikin,"truble,zikin",nahasi,"thürbüts,thegü","thegü,lohi,thürbüts"
154,"padura,zingera",izengura,iztinga,"lokaztegi,zingera",zingera,zingera,"zietz,uskuntz","liska,aintzira",linge,loi,"errepira,ihiztoki",ihiztoki,"urgune,ihiztoki,intha","ihiztoki,liska","liska,intha",isla,"isla,hurtoki,lohitoka,ihiztoki","ihiztoki,isla,hurtoki"
155,lur,lur,lur,lur,lur,lur,lur,lur,lur,lur,lur,lur,lur,lur,lur,lur,lur,lur
156,"umel,busti","umel,heze",heze,"motel,umedade,umedo","umedo,ezko,heze","umedo,heze",heze,"motel,heze","motel,zeken,heze",heze,"umi,heze",umi,"umi,istil,heze","umi,pisu","trenpuan,lohi,trenpatu,heze,ezti","mardo,umi","handi,pisu,mardo,ezti,busti,umi,heze","umi,ezti"
157,siku,siku,lehor,lehor,lehor,"lehor,siku","siku,erlastu",idor,idor,"xuko,idor",idor,idor,idor,"idor,sukartu,idor","idor,xuko,gogor","idor,xuko","idor,bela,xuko,gogor","idor,gaitz,gogor"
158,zulo,zulo,zulo,zulo,zulo,zulo,zulo,zulo,zilo,zilo,zilo,zilo,zilo,zilo,zilo,zilo,zilo,zilo
159,buztin,"buztin,buztinlur",buztinlur,buztin,buztin,buztin,buztin,buztin,buztin,buztin,buztiño,buztiño,buztinlur,buztin,"buztin,buztinlur",buztin,"buztinlur,buztin","buztanlur,arzilla"
160,kantera,kantera,kantera,harrobi,harrobi,harrobi,"harrobi,kantera",harrobi,harrobi,kantera,harrobi,harrobi,harrobi,"karrier,harrobi",harrobi,harrobi,"harridokigia,harrogi,harrobi",harzilo
161,"zelai,larre",larre,"larre,belarleku","barruti,larre",larretoki,larre,larre,larre,"larre,kanpo",belartza hertsi,"alhatoki,larreki,belardi,barrendegi","bazkaleku,alhaleku,alhapide,belartegi","larre,alhaleku,alhapide",bazkaleku,"bazkagia,sohatza,soropil","alhagia,bazkagia","-alhagia,saia","alhagia,sohaki,soro,bazkagia"
162,"komunal,herriterreno,herribaso",herrilur,herribaso,herriterreno,herrisail,herriterreno,herriterreno,komunal,komunal,komun,"herrilur,komun",komun,komun,komun,sindikalur,komun,herrilur,"komunal,bortu"
163,mugarri,mugarri,mugarri,"mujoi,mugarri",mugarri,mugarri,mugarri,mugarri,mugarri,mujoi,mugarri,zedarri,"mugarri,zedarri","zedarri,mugarri","mugarri,zedarri,mugarri",zedarri,"zedarri,erreper",zedarri
164,"zerradura,hesi","hesitura,zerradura","zerradura,hesi",hesi,itxitura,"hesi,itxitura",hesi,"hesi,hertsi","hertsi,zerko,hesi","hertsi,estura","hesi,zerratu",kereta,zerrangi,hesi,zerradura,"gapar,zerrailu",zerrado,zerrailu
165,alanbre,alanbre,alanbre,alanbre,alanbre,alanbre,alanbre,alanbre,alanbre,alanbre,alanbre,alanbre,"gate,alanbre",alanbre,alanbre,alanbre,alanbre,alanbre
166,herdoil,uger,herdoil,herdoil,herdoil,herdoil,herdoil,herdoil,herdoil,herdoil,herdoil,herdoil,herdoil,herdoil,herdoil,herdoil,herdoil,herdoil
167,bide,bide,bide,bide,bide,bide,bide,bide,bide,bide,bide,bide,bide,bide,bide,bide,bide,bide
168,"repetxo,erripa",aldapa,"aldats,aldapa,pendiz",aldapa,aldapa,aldapatxo,aldapa,"malda,aldapa",malda,aldapa,"patar,malda",patar,"patar,malda","malda,patar","petigora,patar",patar,"patar,zut,petigora","patar,zut,petigora"
169,kamiño,kamiño,kamiño,kamiño,kamiño,kamiño,bideberri,karretera,karretera,karretera,"bidehandi,bide,errepide",errepide,"bidehandi,errabide","bidehandi,errepide","errepide,napoleonenbide,bideberri","bidehandi,herribide","bidehandi,bideberri","bideberri,napoleonbide"
170,"senda,sendero,bidezidor",bidezidor,senda,bidezidor,bidezidor,bidezidor,senda,senda,senda,"senda,bidemear",bidexka,bidexka,bidexka,"Xendra,bidexka","bidexka,xendra","bidexka,xendrabide",senda,senda
171,ataju,ataju,ataju,ataju,"lasterbide,ataju",ataju,alkortze,lasterbide,lasterbide,bidelabur,"zuzen,urbilbide,artebide,laburbide","trebes-,laburbide","labur-,artebide",artebide,"heinkabide,labur-,bidaxean",xendra,"laburbide,traukez,parranpa,ihaizgia",labur-
172,trango,ankalorrotz,zulo-,zulo,trango,zulo,"zulo,batxe",zilo,"zilo,zulo","zilo,batxe",zilo,zilo,,zilo,tranbala,zilo-,"zilomilonka,oilohabi",zilo-
173,burdibide,burdibide,burdibide,gurdibide,gurdibide,"gurdibide,mendibide",karrobide,karrobide,karrobide,karrobide,"orgabide,bazterbide",orgabide,orgabide,orgabide,orgabide,orgabide,orgabide,orgabide
174,"-buelta,kurba",-buelta,"-buelta,bihurgne,errebuelta",-oker,errebuelta,"errebuelta,kurba",buelta,errebuelta,errebuelta,"errebuelta,kurba,makur","itzuli,bihurgune","itzuli-,inguru-,bihurgune",bihurgune,bihurgune,bihurgune,bihurgune,üngüada,üngüada
175,bidekurtze,bidekurutz,,"hirubide,bikamiota,laubide",kruze,bidekruze,bidekruze,bidekurutz,bidekurutz,kruze,bihurgune,bidekurutze,bidekurutz,-junta,-junta,bidekurutz,"-hargia,-junta",-hargia
176,bidekurtze-,bidegurutze,bidekurtze,laubide,krutze,bidekrutze,bidekrutze,bidegurutze,bidegurutze,krutze,"bidegurutze,bidejunta",bidekurutxe,"bidegurutze,bidejunta",bidegurutze,bidegurutze,bidegurutze,bidekhütxüne,khütxüne
177,kale,kale,kale,kale,kale,kale,karrika,karrika,karrika,karrika,karrika,karrika,karrika,karrika,karrika,karrika,arrüa,"arrüa,karrika"
178,biaje,"biaje,ostera","biaje,joanetorri,atzeraurrera",biaje,biaje,biaje,biaje,biaje,biaje,biaje,"bidaia,itzuli,joanjin,haratunat","bidaia,joanjin","bidaia,joanjin,haratunat","bidaia,joanjin,haratunat","bidaia,joanjin,haratunat","bidaia,joanjin,tur","bidaia,haratunat,joanjin","bidaia,haratunat,joanjin"
179,"ur,gertu",ur,"ur,ondo,inguru","bertan,ur","gertu,bertan,alde","gertu,bertan","gertu,inguru",hurbil,hurbil,hurran,"alde,hurbil",hurbil,hurbil,hurbil,"hurran,hurbil,ondo","hurbil,hurran,inguru","hüllant,etzin,kantian,ondo","hüllant,ondo,kantian"
180,urrun,urrun,urrun,urruti,"urruti,aparte",urruti,urruti,urrun,urrun,urrun,urrun,urrun,urrun,urrun,urrun,urrun,hürrün,hürrün
181,kamiñeru,kamiñeru,kamiñeru,kamiñeru,kamiñeru,kamiñeru,kamiñeru,kamiñeru,kamiñeru,kamiñeru,kantonier,kantonier,kantonier,kantonier,"kantonier,bide-",kantonier,kantonier,kantonier
182,"auzolan,tandan","bidegintze,auzolan",auzolan,auzolan,"auzolan,aldi",auzolan,"auzolan,ikidian",auzolan,auzolan,auzolan,malobra,malobra,bidegite,bidegite,bideka,bideka,aizelan,"bideka,aizelan"
183,-oa,-oa,-oa,-oa,-oa,-oa,-oa,-oa,-oa,-oa,-oa,-oa,-oa,-oa,-oa,-oa,-oa,-oa
184,-oak,-oak,-oak,-oak,-oak,-oak,-oak,-oak,-oak,-oak,-oak,-oak,-oak,-oak,-oak,-oak,-oak,-oak
185,-ok,-ok,-ok,-ok,-ok,-ok,-ok,-ok,-ok,-ok,-ok,-ok,-ok,-ok,-ok,-ok,-ok,-ok
186,-oak,-oak,-oak,-oak,-oak,-oak,-oak,-oak,-oak,-oak,-oak,-oak,-oak,-oak,-oak,-oak,-oak,-oak
187,-oek,-oek,-oek,-oek,-oek,-oek,-oek,-oek,-oek,-oek,-oek,-oek,-oek,-oek,-oek,-oek,-oek,-oek
188,-ori,-ori,-ori,-ori,-ori,-ori,-ori,-ori,-ori,-ori,-ori,-ori,-ori,-ori,-ori,-ori,-ori,-ori
189,-oari,-oari,-oari,-oari,-oari,-oari,-oari,-oari,-oari,-oari,-oari,-oari,-oari,-oari,-oari,-oari,-oari,-oari
190,-oei,-oei,-oei,-oei,-oei,-oei,-oei,-oei,-oei,-oei,-oei,-oei,-oei,-oei,-oei,-oei,-oei,-oei
191,-orik,-orik,-orik,-orik,-orik,-orik,-orik,-orik,-orik,-orik,-orik,-orik,-orik,-orik,-orik,-orik,-orik,-orik
192,-oren,-oren,-oren,-oren,-oren,-oren,-oren,-oren,-oren,-oren,-oren,-oren,-oren,-oren,-oren,-oren,-oren,-oren
193,-oaren,-oaren,-oaren,-oaren,-oaren,-oaren,-oaren,-oaren,-oaren,-oaren,-oaren,-oaren,-oaren,-oaren,-oaren,-oaren,-oaren,-oaren
194,-oen,-oen,-oen,-oen,-oen,-oen,-oen,-oen,-oen,-oen,-oen,-oen,-oen,-oen,-oen,-oen,-oen,-oen
195,-ogaz,-orekin,-orekin,-orekin,-orekin,-orekin,-orekin,-orekin,-orekin,-orekin,-orekin,-orekin,-orekin,-orekin,-orekin,-orekin,"-oreki,-orekin",-orekin
196,-oagaz,-oarekin,-oarekin,-oarekin,-oarekin,-oarekin,-oarekin,-oarekin,-oarekin,-oarekin,-oarekin,"-oarekin,-oarekilan",-oarekin,-oarekin,-oarekin,-oarekin,-oarekilan,-oarekin
197,-oekin,-oekin,-oekin,-oekin,-oekin,-oekin,-oekin,-oekin,-oekin,-oekin,"-oekin,-oekilan",-oekin,-oekin,-oekin,-oekin,-oekin,-oeki,-oekin
198,-orengati,-orengatik,-orengatik,-orengatikan,-orengatik,-orengatikan,-orengati,-orengatik,"-orengatik,-orekin",-orengatik,-orengatik,-orengatik,"-orengatik,-orendako","-orengatik,-odelakausa,-oriesker","-orengatik,-odelakausa","-oarengatik,-orendako,-odelakasua,-odelamedio",-orengati,"-orengatik,-orendako"
199,-oarengaitik,-oarengaitik,-oarengaitik,-oarengatik,-oarengatik,-oarengatik,-oarengati,-oarengatik,-oarengatik,-oarengatik,-oarengatik,-oarengatik,-oarengatik,-oariesker,-oarengatik,-oarengatik,-oadelakausa,-oaren
200,-oengaitik,-oengaitik,-oengatik,-oengatik,-oengatik,-oengatik,-oengati,-oengatik,-oengatik,-oengatik,-oengatik,-oengatik,-oengatik,-oeiesker,-oakdirelakausa,-oengatik,-oakdirelakausa,-oengatik
201,-orendako,-orendako,-orentzako,-orentzat,-orentzat,-orentzako,-orendako,-orendako,-orendako,-orendako,-orendako,-orentzat,-orendako,-orendako,-oren,-orendako,-orendako,-orendako
202,-oarendako,-oarendako,-oarentzako,-oarentzat,-oarentzat,-oarentzat,-oarendako,-oarendako,-oarendako,-oarendako,-oarentzat,-oarentzat,-oarentzat,-oarendako,-oarendako,-oarendako,-oaren,-oarendako
203,-oendako,-oendako,-oentzako,-oentzat,-oentzat,-oentzako,-oendako,-oendako,-oendako,-oendako,"-oentzat,-oendako",-oentzat,-oendako,-oendako,"-oen,-oendako",-oendako,"-oentzat,-oendako",-oendako
204,-oz,-oz,-oz,-oz,-oz,-oz,-oz,-oz,-oz,-oz,-oz,-oz,-oz,-oz,-oz,-oz,-oz,-oz
205,-oagatik,-oagaitik,-oagatik,"-oarengainean,-oagatik",-oagatik,-oagatik,"-oarendako,-oagati",-oaz,-oagatik,"-oarengainean,-oaz",-oaz,-oaz,-oaz,-oaz,-oaz,-oaz,-oaz,-oaz
206,-oengaiti,-oengaitik,-oengatik,-oengainean,-oengatik,-oengatik,-oengati,-oengainean,-oengatik,"-oengainean,-oez",-oez,-oez,"-oez,-oetaz",-oez,-oez,-oez,"-oez,-oetzaz",-oez
207,-otzat,-otzat,-otzat,-otzat,"-oadelakoan,-otzat",-otzaz,-otako,-oadelakoan,-otako,-otako,"-oadelakoan,-otzat","-oadelakoan,-otzat",-orendako,-orendako,-orendako,-orendako,-oren,"-orendako,-oren"
208,"-otan,-oetan",-otan,-otan,-otan,-otan,-otan,-otan,"-otan,-oetan",-otan,-otan,-otan,-otan,-oetan,-otan,-otan,-otan,-otan,-otan
209,-oan,-oan,-oan,-oan,-oan,-oan,-oan,-oan,-oan,-oan,-oan,-oan,-oan,-oan,-oan,-oan,-oan,-oan
210,-oetan,-oetan,-oetan,-oetan,-oetan,-oetan,-oetan,-oetan,-oetan,-oetan,-oetan,-oetan,-oetan,-oetan,-oetan,-oetan,-oetan,-oetan
211,"-otako,-oetako",-otako,-otako,"-oko,-otako",-otako,-otako,"-oko,-otako",-otako,-otako,-oetako,"-oko,-otako","-oko,-otako","-otako,-oko",-oko,"-oko,-otako","-oko,-otako","-oko,-otako","-otako,-oko"
212,-oko,-oko,-oko,-oko,-oko,-oko,-oko,-oko,-oko,-oko,-oko,-oko,-oko,-oko,-oko,-oko,-oko,-oko
213,-oetako,-oetako,-oetako,"-oko,-oetako",-oetako,-oetako,-oetako,-oetako,-oetako,-oetako,-oetako,-oetako,-oetako,-oetako,-oetako,-oetako,-oetako,-oetako
214,-oetati,-otatik,-otatik,"-otatik,-otatikan",-otatik,-otatik,-otati,-oetarik,-otarik,,-otarik,-otarik,-oetarik,-otarik,-otarik,-oetarik,-otarik,-otarik
215,-oti,-otik,-oti,-otik,-oti,"-otik,-oti",-oti,-otik,-otik,-otik,-otik,-otik,-otik,-otik,-otik,-otik,-otik,-otik
216,-oetatik,-oetatik,-oetati,-oetatik,-oetatik,"-oetatik,-oetati",-oetati,-oetarik,-oetarik,-oetarik,-oetarik,-oetarik,-oetarik,-oetarik,-oetarik,-oetarik,-oetarik,-oetarik
217,-otara,-otara,-otara,-otara,-otara,-otara,-otara,"-otara,-ora",-otara,-otara,-otarat,-otarat,-otara,-otarat,-otara,-otarat,-otarat,-otara
218,-ora,-ora,-ora,-ora,-ora,-ora,-ora,-ora,-ora,-oala,-orat,-ora,-orat,-orat,-orat,-orat,"-ola,-olat","-olat,-ola"
219,-oetara,-oetara,-oetara,-oetara,-oetara,-oetara,-oetara,-oetara,-oetara,,-oetarat,,-oetarat,-oetarat,-oetarat,-oetarat,-oetara,-oetarat
220,-orutz,"-orutz,-oaldera",-oaldera,-oraka,-oaldera,-oaldera,-oaldera,-oaldera,-oaldera,-oaldeala,-oariburuz,-oariburuz,-oariburuz,-oratburuz,-oraburuz,-oariburuz,-oariburuz,-olat
221,-oraino,-oraino,-oraino,-oraino,-oraino,-oraino,-oraino,-oraino,-oraino,-orartio,-oraino,,-oraino,-oraino,-oraino,-oraidio,"-oladrano,-oalabeila","-olartio,-ola"
222,-rakarte,-rakarte,-rakarte,-rakarte,-rakarte,-rakarte,-ratino,-rakarte,-rakartio,,-rakartio,-rakartio,-rakartio,-rakartio,,-rakartio,-rakartio,-rakartio
223,-ogaz,-orekin,-orekin,"-otan,-orekin",-orekin,-otan,-otan,-otan,-otan,-otan,-orengainean,-otan,-otan,-otan,-otan,-otan,-otan,-otan
224,-oaz,-oarekin,-oarekin,-oarekin,"-oarekin,-oarengan",-oarengan,"-oan,-oarekin",-oan,-oan,-oan,-oarengainean,-oan,-oan,"-oan,-oarenbaitan",-oan,-oan,-oan,-oan
225,-oekin,-oekin,"-oekin,-oetan",-oekin,-oekin,-oetan,-oekin,-oetan,-oetan,-oetan,-oengainean,-oetan,-oetan,-oetan,-oetan,-oetan,-oetan,-oetan
226,"-otatik,-orengandik",-otatik,-otatik,-otatik,-orengandik,-otatikan,-orengandi,-otarik,-otarik,-otarik,-otarik,-otarik,-otarik,-otarik,-otarik,-otarik,-otarik,-otarik
227,-oarengandi,"-otik,-oarenondotik",-oarengandik,-oarengandikan,-oarengandik,-oarengandik,-oarengandi,-otik,-otik,-otik,-oarengandik,-otik,-otik,-otik,-otik,-otik,-otik,-otik
228,-oengandi,-oetatik,-oengandik,-oengandik,-oengandik,-oengandik,-oengandi,-oetarik,-oetarik,-oetarik,-oengandik,-oetarik,-oetarik,-oetarik,-oetarik,-oetarik,-oetarik,-oetarik
229,-orengana,-otara,-orengana,-orengana,-otara,"-otara,-orengana",-orengana,-otara,-orengana,-orengana,-oriburuz,-otara,-oriburuz,-otarat,-otarat,-oriburuz,-otarat,-oriburuz
230,-oarengana,-oarengana,-oarengana,-oarengana,-oarengana,-oarengana,-oarengana,-ora,-ora,-oarengana,,-oari,-oariburuz,-orat,-oarenganat,-oariburuz,-oala,"-oariburuz,-otik"
231,-oengana,-oengana,-oengana,-oengana,-oengana,-oengana,-oengana,-oetara,-oetara,-oetara,,-oei,-oeiburuz,-otarat,"-otarat,-oer",-oerburuz,-oetara,-oerburuz
232,"-oarenganuntza,-oarengana","-oarengana,-oarenaldera",-oarenganuntz,-oarengana,-oarenaldera,-oarenaldera,-oarenaldera,-oarenaldera,-oarenaldera,-oarenaldera,-oariburuz,-oariburuz,-oariburuz,"-oratburuz,-oariburuz",-oraburuz,-oariburuz,"-oalat,-oariburuz",-oariburuz
233,-aa,-aa,-aa,-aa,-aa,-aa,-aa,-aa,-aa,-aa,-aa,-aa,-aa,-aa,-aa,-aa,-aa,-aa
234,-aak,-aak,-aak,-aak,-aak,-aak,-aak,-aak,-aak,-aak,-aak,-aak,-aak,-aak,-aak,-aak,-aak,-aak
235,-aak,-aak,-aak,-aak,-aak,-aak,-aak,-aak,-aak,-aak,-aak,-aak,-aak,-aak,-aak,-aak,-aak,-aak
236,-aek,-aek,-aek,-aek,-aek,-aek,-aek,-aek,-aek,-aek,-aek,-aek,-aek,-aek,-aek,-aek,-aek,-aek
237,-aari,-aari,-aari,-aari,-aari,-aari,-aari,-aari,-aari,-aari,-aari,-aari,-aari,-aari,-aari,-aari,-aari,-aari
238,-aei,-aei,-aei,-aei,-aei,-aei,-aei,-aei,-aei,-aei,-aei,-aei,-aei,-aei,-aei,-aei,-aei,-aei
239,-aren,-aren,-aren,-aren,-aren,-aren,-aren,-aren,-aren,-aren,-aren,-aren,-aren,-aren,-aren,-aren,-aren,-aren
240,-aaren,-aaren,-aaren,-aaren,-aaren,-aaren,-aaren,-aaren,-aaren,-aaren,-aaren,-aaren,-aaren,-aaren,-aaren,-aaren,-aaren,-aaren
241,-aen,-aen,-aen,-aen,-aen,-aen,-aen,-aen,-aen,-aen,-aen,-aen,-aen,-aen,-aen,-aen,-aen,-aen
242,-atan,-atan,-atan,-atan,-atan,-atan,-atan,-atan,-atan,-atan,-atan,-atan,-atan,-atan,-atan,-atan,-atan,-atan
243,-aan,-aan,-aan,-aan,-aan,-aan,-aan,-aan,-aan,-aan,-aan,-aan,-aan,-aan,-aan,-aan,-aan,-aan
244,-aetan,-aetan,-aetan,-aetan,-aetan,-aetan,-aetan,-aetan,-aetan,-aetan,-aetan,-aetan,-aetan,-aetan,-aetan,-aetan,-aetan,-aetan
245,-aaz,-aarekin,"-aarekn,-aarengan",-aarekin,-aan,-aan,"-aarekin,-aaz,-aareki","-aan,-aarekin",-aarekin,-aarekin,"-aarengainean,-aan,-aarenbaitan","-aarenbaitan,-abaitan,-aan",-aan,-aan,-aan,-aan,-aan,-aan
246,-ea,-ea,-ea,-ea,-ea,-ea,-ea,-ea,-ea,-ea,-ea,-ea,-ea,-ea,-ea,-ea,-ea,-ea
247,-eak,-eak,-eak,-eak,-eak,-eak,-eak,-eak,-eak,-eak,-eak,-eak,-eak,-eak,-eak,-eak,-eak,-eak
248,-eak,-eak,-eak,-eak,-eak,-eak,-eak,-eak,-eak,-eak,-eak,-eak,-eak,-eak,-eak,-eak,-eak,-eak
249,-eek,-eek,-eek,-eek,-eek,-eek,-eek,-eek,-eek,-eek,-eek,-eek,-eek,-eek,-eek,-eek,-eek,-eek
250,-eari,-eari,-eari,-eari,-eari,-eari,-eari,-eari,-eari,-eari,-eari,-eari,-eari,-eari,-eari,-eari,-eari,-eari
251,-eei,-eei,-eei,-eei,-eei,-eei,-eei,-eei,-eei,-eei,-eei,-eei,-eei,-eei,-eei,-eei,-eei,-eei
252,-eren,-eren,-eren,-eren,-eren,-eren,-eren,-eren,-eren,-eren,-eren,-eren,-eren,-eren,-eren,-eren,-eren,-eren
253,-earen,-earen,-earen,-earen,-earen,-earen,-earen,-earen,-earen,-earen,-earen,-earen,-earen,-earen,-earen,-earen,-earen,-earen
254,-een,-een,-een,-een,-een,-een,-een,-een,-een,-een,-een,-een,-een,-een,-een,-een,-een,-een
255,etan,etan,etan,etan,etan,etan,etan,etan,etan,etan,etan,etan,etan,etan,etan,etan,etan,etan
256,-ean,-ean,-ean,-ean,-ean,-ean,-ean,-ean,-ean,-ean,-ean,-ean,-ean,-ean,-ean,-ean,-ean,-ean
257,-eetan,-eetan,-eetan,-eetan,-eetan,-eetan,-eetan,-eetan,-eetan,-eetan,-eetan,-eetan,-eetan,-eetan,-eetan,-eetan,-eetan,-eetan
258,-eagaz,-earekin,-earekin,-earekin,-ean,-ean,"-eaz,-earekin",-ean,-earekin,-earekin,-earenbaitan,-earenbaitan,-earengainean,-ean,-ean,-ean,-ean,-ean
259,-ia,-ia,-ia,-ia,-ia,-ia,-ia,-ia,-ia,-ia,-ia,-ia,-ia,-ia,-ia,-ia,-ia,-ia
260,-iak,-iak,-iak,-iak,-iak,-iak,-iak,-iak,-iak,-iak,-iak,-iak,-iak,-iak,-iak,-iak,-iak,-iak
261,-iak,-iak,-iak,-iak,-iak,-iak,-iak,-iak,-iak,-iak,-iak,-iak,-iak,-iak,-iak,-iak,-iak,-iak
262,-iek,-iek,-iek,-iek,-iek,-iek,-iek,-iek,-iek,-iek,-iek,-iek,-iek,-iek,-iek,-iek,-iek,
263,-iari,-iari,-iari,-iari,-iari,-iari,-iari,-iari,-iari,-iari,,-iari,-iari,-iari,-iari,-iari,-iari,-iari
264,-iei,-iei,-iei,-iei,-iei,-iei,-iei,-iei,-iei,-iei,-iei,-iei,-iei,-iei,-iei,-iei,-iei,-iei
265,-iren,-iren,-iren,-iren,-iren,-iren,-iren,-iren,-iren,-iren,-iren,-iren,-iren,-iren,-iren,-iren,-iren,-iren
266,-iaren,-iaren,-iaren,-iaren,-iaren,-iaren,-iaren,-iaren,-iaren,-iaren,-iaren,-iaren,-iaren,-iaren,-iaren,-iaren,-iaren,
267,-ien,-ien,-ien,-ien,-ien,-ien,-ien,-ien,-ien,-ien,-ien,-ien,-ien,-ien,-ien,-ien,-ien,-ien
268,-itzat,-itzat,"-iadala,-itzat",-itzat,-itzako,-itzaz,-itako,-itako,"-iadala,-iairuditu",-itako,-ibatentzat,-iadala,"-itzat,-itako",-itako,-iadala,-iarendako,"-ibaten,-ibatendako",-ibatendako
269,-itan,-itan,-itan,-itan,-itan,-itan,-itan,-itan,-itan,-itan,-itan,-itan,-itan,-itan,-itan,-itan,-itan,-itan
270,ian,ian,ian,ian,ian,ian,ian,ian,ian,ian,ian,ian,ian,ian,ian,ian,ian,ian
271,-ietan,-ietan,-ietan,-ietan,-ietan,-ietan,-ietan,-ietan,-ietan,-ietan,-ietan,-ietan,-ietan,-ietan,-ietan,-ietan,-ietan,-ietan
272,-iagaz,-iarekin,-iarekin,-iarekin,-ian,"-iagaz,-iarengan",-iarekin,-ian,-ian,-ian,-ian,-iarengainean,"-iarengainean,-iabaitan",-ian,-ian,-ian,-ian,-ian
273,-ua,-ua,-ua,-ua,-ua,-ua,-ua,-ua,-ua,-ua,-ua,-ua,-ua,-ua,-ua,-ua,-ua,-ua
274,-uak,-uak,-uak,-uak,-uak,-uak,-uak,-uak,-uak,-uak,-uak,-uak,-uak,-uak,-uak,-uak,-uak,-uak
275,-uak,-uak,-uak,-uak,-uak,-uak,-uak,-uak,-uak,-uak,-uak,-uak,-uak,-uak,-uak,-uak,-uak,-uak
276,-uek,-uek,-uek,-uek,-uek,-uek,-uek,-uek,-uek,-uek,-uek,-uek,-uek,-uek,-uek,-uek,-uek,-uek
277,-uari,-uari,-uari,-uari,-uari,-uari,-uari,-uari,-uari,-uari,-uari,-uari,-uari,-uari,-uari,-uari,-uari,-uari
278,-uei,-uei,-uei,-uei,-uei,-uei,-uei,-uei,-uei,-uei,-uei,-uei,-uei,-uei,-uei,-uei,-uei,-uei
279,-uren,-uren,-uren,-uren,-uren,-uren,-uren,-uren,-uren,-uren,-uren,-uren,-uren,-uren,-uren,-uren,-uren,-uren
280,-uaren,-uaren,-uaren,-uaren,-uaren,-uaren,-uaren,-uaren,-uaren,-uaren,-uaren,-uaren,-uaren,-uaren,-uaren,-uaren,-uaren,-uaren
281,-uen,-uen,-uen,-uen,-uen,-uen,-uen,-uen,-uen,-uen,-uen,-uen,-uen,-uen,-uen,-uen,-uen,-uen
282,utan,utan,utan,utan,utan,utan,utan,"utan,uan",utan,utan,"utan,uan",utan,utan,"utan,uz",utan,"utan,uan",utan,"utan,uz"
283,-uan,-uan,-uan,-uan,-uan,-uan,-uan,-uan,-uan,-uan,-uan,-uan,-uan,-uan,-uan,-uan,-uan,-uan
284,-uetan,-uetan,-uetan,-uetan,-uetan,-uetan,-uetan,-uetan,-uetan,-uetan,-uetan,-uetan,-uetan,-uetan,-uetan,-uetan,-uetan,-uetan
285,-uagaz,-uan,-uarekin,-uarekin,-uan,-uarengan,-uarekin,-uan,-uan,-uan,"-uarengainean,-uarenbaitan",-uan,-uan,-uan,-uan,-uan,-uan,-uan
286,-aia,-aia,-aia,-aia,-aia,-aia,-aia,-aia,-aia,-aia,-aia,-aia,-aia,-aia,-aia,-aia,-aia,-aia
287,-aiak,-aiak,-aiak,-aiak,-aiak,-aiak,-aiak,-aiak,-aiak,-aiak,-aiak,-aiak,-aiak,-aiak,-aiak,-aiak,-aiak,-aiak
288,-aiak,-aiak,-aiak,-aiak,-aiak,-aiak,-aiak,-aiak,-aiak,-aiak,-aiak,-aiak,-aiak,-aiak,-aiak,-aiak,-aiak,-aiak
289,-aiek,-aiek,-aiek,-aiek,-aiek,-aiek,-aiek,-aiek,-aiek,-aiek,-aiek,-aiek,-aiek,-aiek,-aiek,-aiek,-aiek,-aiek
290,-aiari,-aiari,-aiari,-aiari,-aiari,-aiari,-aiari,-aiari,-aiari,-aiari,-aiari,-aiari,-aiari,-aiari,,-aiari,-aiari,-aiari
291,-aiei,-aiei,-aiei,-aiei,-aiei,-aiei,-aiei,-aiei,-aiei,-aiei,-aiei,-aiei,-aiei,-aiei,,-aiei,-aiei,-aiei
292,-airen,-airen,-airen,-airen,-airen,-airen,-airen,-airen,-airen,-airen,-airen,-airen,-airen,-airen,,-airen,-airen,-airen
293,-aiaren,-aiaren,-aiaren,-aiaren,-aiaren,-aiaren,-aiaren,-aiaren,-aiaren,-aiaren,-aiaren,-aiaren,-aiaren,-aiaren,-aiaren,-aiaren,-aiaren,-aiaren
294,-aien,-aien,-aien,-aien,-aien,-aien,-aien,-aien,-aien,-aien,-aien,-aien,-aien,-aien,-aien,-aien,-aien,-aien
295,-aitan,-aitan,-aitan,-aitan,-aitan,-aitan,-aitan,-aitan,-aitan,-aitan,-aitan,-aitan,-aitan,-aitan,,-aitan,-aitan,-aitan
296,-aian,-aian,-aian,-aian,-aian,-aian,-aian,-aian,-aian,-aian,-aian,-aian,,-aian,,-aian,,-aian
297,-aietan,-aietan,-aietan,-aietan,-aietan,-aietan,-aietan,-aietan,-aietan,-aietan,-aietan,-aietan,,-aietan,-aietan,-aietan,-enbarnetik,-aietan
298,-aiagaz,-aiarekin,-aiarengan,-aiarekin,-aian,-aian,-aian,-aian,-aian,-aian,-aiarengainean,-aian,-aiarenbaitan,-aian,-aian,-aian,-aian,-aian
299,-konts-a,-konts-a,-konts-a,-konts-a,-konts-a,-konts-a,-konts-a,-konts-a,-konts-a,-konts-a,-konts-a,-konts-a,-konts-a,-konts-a,-konts-a,-konts-a,-konts-a,-konts-a
300,-konts-ak,-konts-ak,-konts-ak,-konts-ak,-konts-ak,-konts-ak,-konts-ak,-konts-ak,-konts-ak,-konts-ak,-konts-ak,-konts-ak,-konts-ak,-konts-ak,-konts-ak,-konts-ak,-konts-ak,-konts-ak
301,-konts-k,-konts-k,-konts-k,-konts-k,-konts-k,-konts-k,-konts-k,-konts-k,-konts-k,-konts-k,-konts-k,,-konts-k,-konts-k,-konts-k,,-konts-k,-konts-k
302,-konts-ak,-konts-ak,-konts-ak,-konts-ak,-konts-ak,-konts-ak,-konts-ak,-konts-ak,-konts-ak,-konts-ak,-konts-ak,-konts-ak,-konts-ak,-konts-ak,-konts-ak,-konts-ak,-konts-ak,-konts-ak
303,-konts-ek,-konts-ek,-konts-ek,-konts-ek,-konts-ek,-konts-ek,-konts-ek,-konts-ek,-konts-ek,-konts-ek,-konts-ek,-konts-ek,-konts-ek,-konts-ek,-konts-ek,-konts-ek,-konts-ek,-konts-ek
304,-konts-ri,-konts-ri,-konts-ri,-konts-ri,-konts-ri,-konts-ri,-konts-ri,-konts-ri,-konts-ri,-konts-ri,-konts-ri,-konts-ri,-konts-ri,-konts-ri,-konts-ri,-konts-ri,,-konts-ri
305,-konts-ari,-konts-ari,-konts-ari,-konts-ari,-konts-ari,-konts-ari,-konts-ari,-konts-ari,-konts-ari,-konts-ari,-konts-ari,-konts-ari,-konts-ari,-konts-ari,-konts-ari,-konts-ari,-konts-ari,-konts-ari
306,-konts-ei,-konts-ei,-konts-ei,-konts-ei,-konts-ei,-konts-ei,-konts-ei,-konts-ei,-konts-ei,-konts-ei,-konts-ei,-konts-ei,-konts-ei,-konts-ei,-konts-ei,-konts-ei,-konts-ei,-konts-ei
307,-konts-rik,-konts-rik,-konts-rik,-konts-rik,-konts-rik,-konts-rik,-konts-rik,-konts-rik,-konts-rik,-konts-rik,-konts-rik,-konts-rik,-konts-rik,-konts-rik,-konts-rik,-konts-rik,-konts-rik,-konts-rik
308,-konts-ren,-konts-ren,-konts-ren,-konts-ren,-konts-ren,-konts-ren,-konts-ren,-konts-ren,-konts-ren,-konts-ren,-konts-ren,-konts-ren,-konts-ren,-konts-ren,-konts-ren,-konts-ren,-konts-ren,-konts-ren
309,-konts-aren,-konts-aren,-konts-aren,-konts-aren,-konts-aren,-konts-aren,-konts-aren,-konts-aren,-konts-aren,-konts-aren,-konts-aren,-konts-aren,-konts-aren,-konts-aren,-konts-aren,-konts-aren,-konts-aren,-konts-aren
310,-konts-en,-konts-en,-konts-en,-konts-en,-konts-en,-konts-en,-konts-en,-konts-en,-konts-en,-konts-en,-konts-en,-konts-en,-konts-en,-konts-en,-konts-en,-konts-en,-konts-en,-konts-en
311,-konts-gaz,-konts-rekin,-konts-rekin,-konts-rekin,-konts-rekin,-konts-rekin,-konts-reki,-konts-rekin,-konts-rekin,-konts-rekin,-konts-rekin,-konts-rekin,-konts-rekin,-konts-rekin,-konts-rekin,"-konts-rekin,-konts-rekilan",-konts-reki,-konts-rekin
312,-konts-agaz,-konts-arekin,-konts-arekin,-konts-arekin,-konts-arekin,-konts-arekin,-konts-arekin,-konts-arekin,-konts-arekin,-konts-arekin,-konts-arekin,-konts-arekin,-konts-arekin,-konts-arekin,-konts-arekin,-konts-arekin,-konts-arekilan,-konts-arekin
313,-konts-ekin,-konts-ekin,-konts-ekin,-konts-ekin,-konts-ekin,-konts-ekin,-konts-eki,-konts-ekin,-konts-ekin,-konts-ekin,"-konts-ekin,-konts-ekilan",-konts-ekin,-konts-ekin,-konts-ekin,-konts-ekin,-konts-ekin,-konts-ekilan,-konts-ekin
314,-konts-rendako,-konts-rendako,-konts-rentzako,-konts-rentzat,-konts-rentzat,-konts-rentzako,-konts-rendako,-konts-rendako,-konts-rendako,-konts-rendako,-konts-rentzat,-konts-rentzat,-konts-rendako,"-konts-rendako,konts-rentzat",-konts-rendako,-konts-rendako,-konts-rendako,-konts-rendako
315,-konts-arendako,-konts-arendako,-konts-arentzako,-konts-arentzako,-konts-arentzat,-konts-arentzako,-konts-arendako,-konts-arendako,-konts-arendako,-konts-arendako,-konts-arentzat,-konts-arentzat,-konts-arentzat,"-konts-arentzat,-konts-arendako",-konts-arendako,-konts-arendako,-konts-aren,-konts-arendako
316,-konts-endako,-konts-endako,-konts-entzako,-konts-entzako,-konts-entzat,-konts-entzako,-konts-endako,-konts-endako,-konts-endako,-konts-endako,-konts-entzat,-konts-entzat,-konts-entzat,-konts-endako,-konts-en,-konts-endako,-konts-en,-konts-endako
317,-konts-gatik,-konts-gatik,-konts-gatik,-konts-gatik,-konts-gatik,-konts-gatik,-konts-gati,-konts-z,-konts-z,-konts-z,-konts-z,-konts-z,-konts-z,-konts-taz,"-konts-taz,-konts-z",-konts-gatik,-konts-z,-konts-z
318,-konts-agati,-konts-agatik,-konts-agatik,"-konts-agatik,-konts-agatikan",-konts-agatik,-konts-az,-konts-agati,-konts-az,-konts-az,"-konts-arengainean,-konts-az",-konts-az,-konts-az,-konts-az,-konts-az,"-konts-az,-konts-arendako","-konts-az,-konts-agatik",-konts-az,-konts-az
319,-konts-akaiti,-konts-akaitik,-konts-akaitik,-konts-engaitikan,-konts-engatik,-konts-etzaz,-konts-engati,-konts-etaz,-konts-etaz,-konts-ez,-konts-ez,-konts-ez,-konts-ez,-konts-ez,-konts-ez,"-konts-etatik,-konts-ez",-konts-ez,-konts-ez
320,-konts-tzat,-konts-tzat,"-konts-adala,-konts-tzat","-konts-adala,-konts-gatik,-konts-tzat",-konts-tzat,-konts-tzat,-konts-tako,-konts-adala,-konts-tako,-konts-tako,"-konts-entzat,-konts-tzat","-konts-tzat,-konts-tako",-kons-adala,"-konts-endako,-konts-tako,-konts-tzat",-konts-endako,-konts-endako,-konts-en,"-konts-endako,-konts-tako"
321,-konts-tan,-konts-tan,-konts-tan,-konts-tan,-konts-tan,-konts-tan,-konts-tan,-konts-tan,-konts-tan,-konts-tan,-konts-tan,-konts-tan,-konts-tan,-konts-tan,-konts-tan,-konts-tan,-konts-tan,-konts-tan
322,-konts-an,-konts-an,-konts-an,-konts-an,-konts-an,-konts-an,-konts-an,-konts-an,-konts-an,-konts-an,-konts-an,-konts-an,-konts-an,-konts-an,-konts-an,-konts-an,-konts-an,-konts-an
323,-konts-etan,-konts-etan,-konts-etan,-konts-etan,-konts-etan,-konts-etan,-konts-etan,-konts-etan,-konts-etan,-konts-etan,-konts-etan,-konts-etan,-konts-etan,,-konts-etan,-konts-etan,-konts-etan,-konts-etan
324,-konts-ra,-konts-ra,-konts-ra,-konts-ra,-konts-ra,-konts-ra,-konts-ra,-konts-ra,-konts-ra,-konts-ra,-konts-rat,"-konts-ra,-konts-rat",-konts-rat,-konts-rat,-konts-rat,-konts-rat,-konts-rat,-konts-rat
325,-konts-runtz,"-konts-aldera,-konts-runtz","-konts-gana,-konts-runtz","-konts-gana,-konts-ra",-konts-gana,-konts-enaldera,-konts-enaldera,-konts-enaldera,-konts-enaldera,-konts-enaldera,-konts-ariburuz,-konts-ariburuz,-konts-ariburuz,-konts-ariburuz,-konts-ariburuz,-konts-ariburuz,-konts-ariburuz,-konts-raburuz
326,-konts-ra,-konts-raino,-konts-raino,-konts-raino,-konts-raino,-konts-raino,-konts-raino,-konts-raino,-konts-raino,-konts-raino,-konts-raino,-konts-raino,-konts-raino,-konts-raino,-konts-raino,-konts-eradino,-konts-eradino,-konts-artio
327,-konts-agaz,-konts-arekin,-konts-arekin,-konts-arekin,-konts-an,-konts-an,-konts-an,-konts-an,-konts-arekin,-konts-an,-konts-arengainean,-konts-abaitan,-konts-arengainean,-konts-an,-konts-an,-konts-an,-konts-an,-konts-an
328,-kons-agana,-kons-agana,-kons-agana,-kons-agana,-kons-agana,-kons-agana,-kons-agana,-konts-ra,-kons-agana,-kons-agana,-konts-ariburuz,-konts-ariburuz,-konts-rat,-konts-ariburuz,-konts-ariburuz,-konts-ariburuz,"-konts-ariburuz,-konts-ari",-konts-ariburuz
329,-konts-arenaldera,-konts-aruntz,-konts-aruntz,-konts-agana,-konts-arenaldera,-konts-arenaldera,"-konts-agana,-konts-arenaldera",-konts-arenaldera,-konts-arenaldera,-konts-arenaldera,-konts-ariburuz,,-konts-ariburuz,-konts-ariburuz,-konts-ariburuz,-konts-ariburuz,,-konts-ariburuz
330,-u-konts-a,-u-konts-a,-u-konts-a,-u-konts-a,-u-konts-a,-u-konts-a,-u-konts-a,-u-konts-a,-u-konts-a,-u-konts-a,-u-konts-a,-u-konts-a,-u-konts-a,,-u-konts-a,-u-konts-a,-u-konts-a,-u-konts-a
331,-ok,-ok,-ok,"-ak,-ok",-ok,-ok,-ok,-ok,-ok,-ak,-ak,-ak,-ak,,-ak,-ak,,-ak
332,-ren,-ren,-ren,-ren,-ren,-ren,-ren,-ren,-ren,-ren,-ren,-ren,-ren,-ren,-ren,-ren,-ren,-ren
333,-ra,-ra,-ra,-ra,-ra,-ra,-ra,-ra,-ra,-ra,-rat,-rat,-rat,-rat,-rat,-rat,"-rat,-ra",-ra
334,-gaz,-rekin,-rekin,"-rekin,-gan",-n,-gan,-n,-n,-rekin,-n,-rengainean,-renbaitan,-renbaitan,"-tan,-baitan",-n,-tan,-tan,-tan
335,-gana,-gana,-gana,-gana,-gana,-gana,-gana,-gana,-gana,-gana,-renalderat,-ganat,-ri,-ganat,-ganat,-ri,-ta,"-z,-tarik"
336,-ek,-ek,-ek,-ek,-ek,-ek,-ek,-ek,-ek,-ek,-ek,-ek,-ek,-ek,-ek,-ek,-ek,-ek
337,-i,-i,-eri,-i,-i,-i,-i,-eri,-eri,-i,-i,-i,-i,-i,-i,-i,-i,-i
338,-en,-en,-en,,-en,-en,-en,-en,-en,-en,-en,-en,-en,-en,-en,-en,-en,-en
339,naz,naiz,naiz,naiz,naiz,naiz,naiz,naiz,naiz,niz,naiz,niz,niz,niz,niz,niz,niz,niz
340,haz,haiz,haiz,haiz,haiz,haiz,haiz,haiz,haiz,hiz,haiz,hiz,haiz,hiz,hiz,hiz,hiz,hiz
341,da,da,da,da,da,da,da,da,da,da,da,da,da,da,da,da,da,da
342,gara,gara,gara,gera,gera,gera,gara,gara,gara,gira,gera,gira,gira,gira,gira,gira,gira,gira
343,zara,zara,zara,zera,zera,zera,zara,zara,zara,zira,"zira,zara",zira,zira,zira,zira,zira,zira,zira
344,zaree,zara,zaree,zerate,zerate,zerate,zaree,zerate,zerate,zadie,zirezte,zaizte,zaizte,zaizte,zaizte,zaizte,zidie,zidie
345,dira,dira,dira,dira,dira,dira,dira,dira,dira,dira,dira,dira,dira,dira,dira,dira,dira,dira
346,nintzen,nintzan,nintzan,nintzan,nintzan,nintzen,nintzen,nintzen,nintzen,nintze,nintzen,nintzen,nintzen,"nintzen,nintzan",nintzan,nintzen,nintzan,nintzan
347,hintzen,hintzan,hintzen,hintzan,hintzan,hintzen,hintzen,hintzen,hintzen,hintze,hintzen,hintzen,hintzen,hintzan,hintzan,hintzan,hintzan,hintzan
348,zan,zan,zan,zan,zan,zan,zan,zen,zen,zen,zen,zen,zen,zen,zen,,zen,zen
349,ginen,ginan,ginan,ginen,ginan,ginn,ginen,ginen,ginen,"gintze,gintzan",ginen,ginen,ginen,ginen,ginen,ginen,ginen,ginen
350,zinen,zinan,zinen,zineten,zinaten,zineten,zinerien,zineten,zineten,zintzaen,zinezten,zinezten,zinezten,zinezten,zineten,zinezten,zidaien,"zinien,zindien"
351,ziren,ziran,ziran,ziran,"ziran,ziren",ziren,ziran,ziren,ziren,ziren,ziren,ziren,ziren,ziren,ziren,ziren,ziren,ziren
352,banintz,banintz,banintz,banintzeke,banintz,banintz,banintz,banintz,banintzen,banintz,banintz,banintz,banintz,banintz,banintz,banintz,banintz,banintz
353,balitz,bazan,balitz,"balitz,balitzeke",balitz,balitz,balitz,bazen,"bazen,balitz",balitz,balitz,balitz,balitz,balitz,balitz,balitz,balitz,balitz
354,bagintze,bagina,bagina,bagineke,bagineke,bagineke,bagina,bagina,beginen,bagina,bagina,bagina,bagina,bagina,bagina,"baginen,baginten",bagina,bagina
355,bazinee,bazinee,bazinee,bazineteke,bazineteke,bazineteke,bazinee,bazineten,bazineten,bazintzae,bazinezte,bazinezte,bazinezte,bazinezte,bazinete,bazindezten,bazinde,bazinee
356,balira,balitzez,balira,balirake,"balirake,balira",balira,balira,baziren,baziren,balira,balietz,balira,balira,balira,balira,balira,balira,balira
357,litzake,litzake,litzake,"like,litzake",litzake,litzake,"litzake,-ko zan",litzake,"-ko zen,litzake",,litake,liteke,litake,"litake,litzateke",litzateke,litake,litzate,"litzate,litzateke"
358,daien,daien,daien,"daien,dedin","daien,-teko","daien,-teko","daien,daiten,-teko",daien,daien,daien,daien,dadin,"daien,dadin",daien,daien,daien,"dadin,-teko","dadin,ledin,-teko"
359,daitezen,daitien,"daitexten,daizen","daizen,dizazen,-teko","deizten,daitezen","daitezen,-teko","daitezen,-teko",daitzen,daitzen,drein,daitzen,daiten,daiten,daiten,daizten,daizten,daiten,daiten
360,zedin,"-teko,dedin,zedin",daizen,-teko,"zedin,-teko","-teko,zedin",-teko,zadin,zadin,zadin,"dadin,zadin","dadin,-teko,zadin",zadin,zadin,zadin,zadin,"ledin,zadin",ledin
361,zaitezen,"-teko,daitien","daitezten,daizen",-teko,,"zittzen,-teko","-teko,zitezen",zaizten,zeitzen,"ziten,zraen","daizen,daitezken",ziten,ziten,ziten,ziten,dizten,litien,"liten,ziten"
362,leike,leike,leike,"leike,-tea badago",liteke,liteke,daiteke,daiteke,"daiteke,-ten al da",daike,"liteke,daiteke",liteke,"daiteke,-ten al da","-ten al da,daiteke","daike,daiteke,-ten al da","daiteke,-ten al da","-ten al da,aledi,-tzen al liteke,daite","-ten al da,liteke"
363,leikien,zeikian,zeikian,"leike,-tea bazagon","zeiken,ziteken",ziteken,ziteken,zaiteken,-ten al zen,zaiken,"-ten al zen,zitaken","-ten al zen,zitaken","zitaken,-ten al zen",-ten al zitaken,-ten al zen,-ten al zen,-ten al zen,"-ten al lizate,litake"
364,leike,leike,leike,"leike,-tea bada",liteke,liteke,liteke,-ten al da,-ten al da,,liteke,liteke,"liteke,-ten al da",liteke,"liteke,leike",liteke,"-ten al liteke,leite",liteke
365,hadi,hadi,"hadi,-tu",hadi,hadi,hadi,hadi,hadi,"hadi,trin",hadi,hadi,hadi,hadi,hadi,hadi,,hadi,hadi
366,jat,jat,jat,zait,zait,zait,dakit,zait,zait,zait,"zaut,zait",zaut,zaut,zait,zat,zaut,zait,zait
367,jak,jak,jak,zaik,zaik,zaik,dakik,zaik,zaik,zaik,hau,zauk,zauk,zaik,zauk,zauk,zaik,zaik
368,jako,"jako,dako",jako,zaio,zaio,zaio,dakio,zaio,zaio,zaio,zaio,"zako,zaio","zaio,zako",zako,zako,zako,zaio,zao
369,jaku,jaku,jaku,zaigu,zaigu,zaigu,dakigu,zaiku,zaiku,zaigu,zaiku,zauku,zauku,zaku,zauku,zauku,zaiku,zaiku
370,jatzue,jatzu,jatzue,zaizue,zaizue,zaizue,dakizue,zaizue,zaitzue,zaizue,zaitzute,zaizue,zauzue,zauzue,zauzue,zauzue,zaizue,zaizue
371,jate,jakoe,jakee,zaioe,zaie,zaie,dakioe,zaie,zaie,zaie,zaiote,zakote,zaiote,zaio,zaie,zakote,zaie,zaie
372,jako,jakoz,jako,"zaizka,zaikio",zazkio,zaizkio,"dazkio,dakioe",zaizkio,zaizkio,zaizko,zaizkote,zakote,zaizko,zazko,zazko,zazko,zaitzo,zaitzo
373,jate,jakoez,xate,zaizke,zaizkie,zaizkie,dazkioe,zaizkiote,zaizte,zaizte,,,zaizkote,zaizte,zaizke,"zaite,zaizkote",zaitze,zaitze
374,NNN,NNN,NNN,N,"N,natzaio",natzaio,N,N,"N,natzaio",N,"N,natzaio",nako,"N,natzaio","N,nako","N,nitzako",nako,natzaio,"nitzo,nitzaitzo"
375,jatan,jatan,jatan,zitzaian,zaidan,zitzaian,nakin,zaidan,zitzaidan,zitzaidan,zitzaidan,zautan,zizautan,zitzaidan,zitzaidan,zatan,zitzaidan,zaidan
376,jakon,jakon,zakon,zitzaion,zaion,zitzaion,zakion,zaion,zitzaion,"zitzio,zitzaion",zaion,zakon,zitzaion,zitzakon,zitzakon,zakon,"zaion,zoon",zoon
377,jakun,jakun,zakun,zitzaigun,zaigun,zitzaigun,"ginakigun,zakigun",zaigun,zitzaigun,zitzaigun,zitzaigun,zankun,zitzaigun,zitzaigun,zitzaigun,zankun,zankun,zankun
378,jatzuen,jatzun,zatzuen,zitzaizuen,zaizuen,zitzaizuen,zakizien,zaizuen,zitzaizuen,zitzaizuen,"zaitzuten,zaitzuten",zaitzuten,zitzauzuen,zitzauzuen,zitzauzuen,zauzuen,zauzien,zauzien
379,jateen,jakoen,jateen,zitzaien,zaien,zitzaien,zakioen,zaien,zitzaien,zitzaien,zaioten,zankoten,zitzaioten,zitzaien,zitzaien,zaien,zaien,zaien
380,balitzako,,balako,"bazizaion,balitzaioke,balitzaio",bazaio,balioke,balekio,bazaion,bazitzaion,"balizitzio,balitzaio","bazaion,balitzaio,balakio",balako,"bazako,balitzako",balitzako,"balako,balitzako",balako,"balitzaio,balaio,bazaion","bazaion,balaio,balaion"
381,dot,det,dot,det,det,det,dot,dut,dut,dut,dut,dut,dut,dut,dut,dut,dut,dut
382,dok,dek,dok,dek,dek,dek,dok,duk,duk,duk,duk,duk,duk,duk,duk,duk,duk,duk
383,dau,dau,dau,du,du,du,du,du,du,du,du,du,du,du,du,du,du,du
384,dogu,dogu,du,degu,degu,degu,dogu,dugu,dugu,dugu,degu,dugu,dugu,dugu,dugu,dugu,dugu,dugu
385,dozue,dozue,dozue,dezue,dezue,dezue,dezue,duzue,duzue,duzue,duzue,duzue,duzue,duzue,duzue,duzue,duzue,duzue
386,daue,daue,daue,due,due,due,due,dute,dute,dute,dute,dute,dute,dute,dute,dute,die,die
387,"dau,ditu",ditu,ditu,ditu,ditu,ditu,ditu,ditu,ditu,ditu,ditu,ditu,ditu,ditu,ditu,ditu,ditu,ditu
388,ditue,ditue,ditue,ditue,ditue,ditue,ditue,dituzte,dituzte,dute,dituzte,dituzte,dituzte,dituzte,dituzte,dituzte,tie,tie
389,nau,nau,nau,nau,nau,nau,nau,"dat,nau",dat,nau,nau,nau,nau,nau,nau,nau,nai,nai
390,nauzu,nauzu,nauzu,nauzu,nauzu,didazu,deezu,"nauzu,datazu",datazu,nauzu,nauzu,nauzu,nauzu,nauzu,nauzu,nauzu,,naizu
391,naue,naue,naue,naue,naue,naue,"due,naue","naute,datate",datate,naute,naute,naute,naute,naute,naute,naute,naie,naie
392,gau,gaittu,gau,gaitu,gaitu,gaitu,gaitu,"gaitu,daku",daku,gaitu,gaitu,gaitu,gaitu,gaitu,gaitu,gaitu,gaitu,gaitu
393,neuan,neuan,neuan,nuen,nuen,nuen,nuen,nuen,nuen,nuen,nien,nuen,nien,nien,nien,nuen,nien,nien
394,euen,euen,euen,zuen,zuen,zuen,zuen,zuen,zuen,zuen,zien,zuen,zien,zien,zien,zuen,zien,zien
395,geuen,genduan,geuen,genuen,genuen,genduan,ginuen,ginuen,ginuen,ginduen,"ginuen,ginien",ginian,ginien,ginien,gindien,ginuen,"gunien,gunian,güntian",gunien
396,zeuen,zenduan,zeuen,zenduan,zenduen,zenduen,zinuen,zinuten,zinuten,"zinien,zindien",zinuten,zinuten,zinuten,zinuten,zinuten,zinduten,zunien,zunien
397,euen,euen,euen,zuen,zuen,zuen,zuen,zuten,zuten,"zien,zuten",zuten,zuten,zuten,zuten,zuten,zuten,zien,zien
398,zituen,zituan,zituan,zituen,zituen,zituen,zituen,zituen,zituen,zituen,zituen,zituen,zitien,zitien,zitien,zituen,zutien,zutien
399,ninduen,ninduen,nauen,ninduen,ninduen,ninduen,"zuen,zien","nauen,NNN",NNN,"N,nindue",ninduen,ninduen,nindien,nindien,nindien,ninduen,nundien,nundien
400,nauzu,ninduzun,ninduzun,ninduzun,"ninduzun,NNN",ninduzun,"zuten,znuen","nauzun,NNN",NNN,nintzazun,,nintuzun,ninduzun,ninduzun,ninduzun,nauzu,ninduzun,ninduzun
401,ninduen,ninduen,ninduen,ninduen,"ninduen,NNN",ninduen,NNN,"nauten,NNN",NNN,N,nintuzten,ninduzten,ninduten,"nauten,ninduten",ninduten,"nauten,ninduten",nundien,nundien
402,baleu,"badeu,baleu",baleu,"baluke,balu",balu,balu,balu,"bazuen,balu",bazuen,balu,balu,balu,balu,balu,balu,balu,balu,balu
403,baleue,"badeue,baleue",baleue,balueke,balueke,balue,balue,bazuten,bazuten,"balie,balute",balute,balute,balute,balute,balute,balute,"bazien,balie",balie
404,balitu,balitu,balitu,"balituke,balitu",balituke,balitu,balitu,bazituen,bazituen,balitu,balite,balitu,balitu,balitu,balitu,balitu,"balitu,bazutien",balitu
405,lituke,lituke,lituke,lituke,lituke,lituke,luzke,zituen,zituen,,"lituzke,luzke",luzke,luzke,luzke,luzke,luzke,,lituke
406,daiten,deikaten,daian,,dezadan,dezadan,dezadan,dezadan,dezadan,dezadan,dezadan,dezadan,dezadan,dezadan,dezadan,dezadan,dezadan,"dezadan,-tez"
407,,daien,daien,dezan,dezan,dezan,dezan,dezan,dezan,dezan,dezan,dezan,dezan,dezan,dezan,dezan,dezan,dezan
408,daizan,daizan,daizan,"dezan,ditzan",ditzan,ditzan,dituen,"dezan,dezaten","dezan,ditzan",dizkien,ditzan,ditzan,ditzan,ditzan,ditzan,ditzan,ditzan,ditzan
409,naien,naien,deien,nazan,nazan,nazan,"nazan,dezan",naien,nazan,nintzan,nazan,nazan,nazan,nazan,nazan,nazan,nazan,nazan
410,daidan,"-tea,nezan",,-tea,"dezatan,nezan","-tea,nezan",-tea,"dezatan,nezan",,nezan,dezadan,-tea,nezan,nezan,nezan,nezan,nezan,nezan
411,daien,,daien,dezan,zezan,"-tzeko,zezan",-tzeko,"-tzeko,zezan",zezan,zezan,"dezan,zezan",,zezan,zezan,zezan,zezan,lezan,lezan
412,daizan,,daizan,zitzan,zitzan,zitzan,-tzeko,,zitzan,zitzan,"dezadan,zezan,zitzan","-tzeko,zitzan",zitzan,zitzan,zitzan,zitzan,litzan,litzan
413,naien,-tzeko,-tzeko,-tzeko,-tzeko,-tzeko,"zezaten,dezaten,dezan,nezan",-tzeko,-tzeko,nezan,nezan,-tzeko,nindezan,"nezan,nindezan","nezan,nindezan",nezan,nintzan,"lizadan,nintzan"
414,leike,leike,leike,"leike,dezake",lezake,lezake,dezake,"dezake,ahal du",ahal du,daike,"ahal du,dezake",dezake,"ahal du,dezake","lezake,ahal du","ahal luke,lezake",ahal du,"ahal du,ahal lio","ahal du,lio"
415,eikean,leikien,eikean,ahal zuen,zezakeen,zezakeen,zezakeen,"zezakeen,ahal zuen",ahal zuen,zeikean,lezaken,"ahal zuen,zezakeen",zezakeen,"lezake,zezakeen",ahal zuen,,ahal zukeen,ahal zuen
416,egizu,egizu,egizu,ezazu,ezazu,ezazu,ezazu,ezazu,ezazu,ezazu,ezazu,ezazu,ezazu,ezazu,ezazu,ezazu,ezazu,ezazu
417,egizu,egizuz,egizu,itzazu,itzazu,itzazu,itzazu,itzazu,itzazu,ezkizu,itzazu,itzazu,ezkizu,ezkizu,ezkizu,itzazu,itzazu,itzazu
418,deutsat,deutsat,xat,diot,diot,diot,diot,diot,diot,dakot,diot,diot,dakot,dakot,dakot,dakot,"diot,deiot",diot
419,deutso,deutso,xao,dio,dio,dio,dio,dio,dio,dako,dio,dio,dako,dako,dako,,dio,dio
420,deutso,deutsoz,xao,diozka,dizkio,dizkio,dizkio,"ditio,dio",,dazko,"diozka,dazko","diozka,diozka",,dazko,dazko,,ditio,ditio
421,deutsagu,deutsagu,xagu,diogu,diogu,diogu,diogu,diogu,diogu,dakogu,diogu,diogu,dakogu,dakogu,dakogu,dakogu,dogü,dogü
422,deutsazu,deutsazu,xazu,diozu,diozu,diozu,diozu,diozu,diozu,,diozu,diozu,dakozu,dakozu,dakozu,dakozu,dozü,dozü
423,deutsee,deutsee,xaoe,dioe,dioe,dioe,dioe,diote,diote,dakoe,diote,,dakote,dakote,dakote,dakote,deie,deie
424,deutsu,deutsu,deutsu,dizu,dizu,dizu,dizu,dautzu,dautzu,dautzu,zaitu,dautzu,dautzu,dautzu,dautzu,dautzu,deizu,deizu
425,deustazu,deustazu,deustazu,didazu,didazu,didazu,didazu,dautazu,dautazu,dautazu,"nauzu,dautazu",dautazu,dautazu,dautazu,dautazu,dautazu,deitazüt,deitazüt
426,,deuat,deustat,diat,diat,diat,deuet,daiat,daiat,deuat,daiat,daiat,"diat,daiat",diat,daiat,diat,"daiat,diat","daiat,dikat"
427,deutsee,deutsee,deuste,dioe,die,die,dio,"dio,dioe",dioe,die,,,dakote,,,,,"deie,die"
428,neuntzen,neuntzen,neuntzen,nion,nion,nion,nion,nion,nion,neko,nion,nion,nakon,nakon,nakon,nakon,"neion,nion",nion
429,eutzan,eutzan,eutzan,zion,zion,zion,zion,zion,zion,zekon,zion,zion,zakon,zakon,zakon,zakon,"zion,zeion",zeion
430,eutzan,eutzazan,eutzan,zizkion,zizkion,zizkion,zizkion,zizkion,zition,zazkon,"zion,ziozkan",,zazkon,zazkon,zazkon,zazkon,zeitzon,zeitzon
431,geuntzan,geuntzagun,guntzaun,genion,genion,genion,genion,genion,genion,gindeko,genion,genion,ginakon,ginakon,ginakon,ginakon,geneion,"geneion,ginakon,"
432,zeuntzan,deutzazun,zeuntzan,ziozun,ziozun,ziozun,zinon,zinon,zinon,zinakon,zenion,zenion,zinakon,zinakon,zinakon,zinakon,zeneion,zenion
433,eutzien,eutzien,eutzien,zioen,zien,zien,zioen,zioten,zioten,"zien,zakoten",zioten,zioten,zakoten,zakoten,zakoten,zakoten,zeien,zeien
434,eutzien,eutzien,eutzien,zizkioen,zizkioen,zizkioen,zizkioen,ziozten,ziozten,zazkoten,,ziozkaten,zazkoten,zazkoten,zazkoten,zazkoten,zuten,zeien
435,eutzun,eutzun,eutzun,zizun,zizun,zizun,zizun,zauzun,zauzun,,,zauzun,zauzun,zauzun,zauzun,zauzun,zeizün,zeizün
436,zenidan,heustan,heustan,heian,heiaken,heian,huen,"zaken,zataken",zataken,heian,nauk,hautan,hautan,"nautan,hautan",hauan,hautan,,heitan
437,baleuzkio,baleutzo,baleuzkio,"bazion,balio","bazion,balioke",balio,balo,balio,bazion,balako,balio,"balio,balako",balako,balako,balako,balako,"bazoon,baleio",baleio
438,deion,deion,deion,deion,deion,diezaion,deitzon,deion,deitzon,dazola,"dezon,dezakon",dezon,dezon,"dezon,dezakon","dezakon,dezon",dezakon,dezon,dezon
439,deidan,deidan,deian,deizen,"deian,diezadan",diezadan,deizen,diezadan,diezadan,daztala,dezadan,dezan,dezadan,"dezan,dezadan",dezadan,"nezan,dezadan",dezadan,dezadan
440,eidazu,eidazu,eidazu,eidazu,eidazu,eidazu,nazazu,"datazu,nazazu",datazu,daztazu,nazazu,edazu,dadazu,"nazazu,ezadazu","ezazu,ezadazu",ezazu,ezazut,ezazut
441,doa,doa,doa,dijoa,dijoa,dijoa,doa,doaie,doaie,doaie,"doa,joaiki da,joaten da","doa,johan da",johan da,dua,"doa,ari da","doa,ari da,joaten da",doa,doa
442,zoaze,zoiez,zoaze,zoazte,zoazte,zoazte,zoaze,zoazte,zoazte,faten zadie,"gaki zaizte,zoazte",joan zizte,zoazte,"ari zizte,zoazte","zoazte,ari zizte","ari zizte,zoazte",zoazte,joaten zide
443,doaz,doaz,doaz,dijoazte,dijoazte,dijoazte,doazi,doazi,doazi,faten dira,doazi,johan dira,johan dira,"ai dire,doazi",doazi,doazi,doatza,doatza
444,nindoan,ninoian,noian,nijoan,nijoan,nijoan,nijoan,noaien,nindaien,faten nintzen,"goaki nintzen,nindoan","joaten nintzen,nindoan",joaten nintzen,nindoan,nindoan,"joaten nintzen,nindoan",joaten nintzen,joaten nintzen
445,zijoan,zoien,zoien,zijoan,zijoan,zijoan,zijoan,zoaien,zoaien,faten zen,goaki zen,"johan zen,zoaien",johan zen,zoan,,"zoan,joaten zen",zuan,zoan
446,"doa,tzen yako","doa,tzen deutso","doa,doako",tzen zaio,dijoakio,dijoakio,doaie,tzen dio,,,"doa,zaio,tzen dio,doako",johan zako,johan zako,johan zako,tzen zako,"zako,johan zako",tzen zaio,tzen zo
447,dau,dao,dao,do,"dao,do",dao,dau,dago,dago,dago,"do,da","egoki da,da,dago","da,dago","do,dago","da,do",,"dago,tzen da",da
448,zagoze,"zagoz,zare",zagoze,zaudete,zarete,zaudete,sorie,zagote,"zagote,zarete",zaudie,"zaizte,zaudete",zaizte,"zaudete,zaizte","zaudezte,zaizte",zaizte,zaizte,zia,"zide,egoten zide"
449,dagoz,"daude,dagoz",dagoz,"daude,dagoe",dagoe,daude,dagoe,daude,daude,daude,"dagoz,dagozi",dira,daude,daude,daude,"dira,daude","dagotza,egoten dira",egoten dira
450,nengoen,nengoen,nengoen,nengoen,nengoen,nengoen,nengoen,nindagon,nindagon,nengo,"nintzen,ninton,nindagon","egoki nintzen,nindagon",nindagon,nindagon,nintzen,,"egoten nintzen,nagonintzen",egoten nintzen
451,egoan,egoan,egoan,zegoen,zegoen,zegoen,zegoen,zagoen,zagoen,zegoen,zagoen,"egoki zen,zagoen",zagoen,zagoen,"zagoen,zen",zen,zagoen,zen
452,dator,dator,dator,dator,dator,dator,heldu da,heldu da,heldu da,jiten da,heldu da,"jiten da,heldu da",jiten da,"heldu da,jiten da","heldu da,jina da",heldu da,"jiten da,horra da,jiten ari da,dagün,heldu da","jiten da,horra da"
453,zatoze,zatoz,zatozai,zatozte,zatozte,zatozte,heldu zare,heldu zarete,heldu zarete,jiten zarete,heldu zaizte,heldu zaizte,heldu zaizte,heldu zaizte,heldu zaizte,heldu zaizte,horra zide,horra zide
454,datoz,datoz,datoz,datozte,datoz,datozte,heldu dira,heldu dira,heldu dira,jiten dira,heldu dira,heldu dira,heldu dira,,jiten dira,heldu dira,horra dira,horra dira
455,zatoz,"etorri,etorri zaitez",zatoz,"etorri zaitez,etorri","atoz,etorri zaitez","etorri zaitez,zatoz","atoz,etorri zaitez",zato,zato,"zizte,tzauri",zato,zato,zato,tzauri,tzauri,tzauri,tzauri,tzauri
456,zatoze,etorri zaite,zatozai,"etorri,zatozte","atozte,etorri zaizte","etorri,zatozte",etorri zaiteze,zatozte,atozte,tziauste,zatozte,tziauste,"zatozte,zaurte",zaurte,,zaizte,tziauzte,zaizte
457,datorkio,,datorkio,etortzen zaio,datorkio,datorkio,Heldu dakio,heldu zaio,heldu zaio,,heldu zaio,heldu zako,heldu zako,"heldu zako,etortzen zako",etortzen zako,heldu zako,"horra zaio,etortzen zaio",etortzen zaio
458,dabil,dabil,"dabil,ibiltzen da",dabil,dabil,dabil,dabila,dabila,dabila,ibiltzen da,"ibilki da,dabila,ibiltzen da","ibiltzen du,dabila","dabila,ibilki da","dabila,ibiltzen da","dabila,ibiltzen da","ibiltzen da,dabila","ibiltzen da,dabila",ibiltzen da
459,zabiltze,zabiz,zabiltzai,zabiltzate,zabiltzate,zabiltzate,zabiltze,zabiltzate,zabiltzate,ibiltzen zarete,ibilki zaizte,ibilki zaizte,"zabiltzate,ibilki zaizte",,"zabiltzate,ibiltzen zaizte",,ziauzte,ibiltzen zide
460,dabiltz,dabiltz,dabiltz,dabiltza,dabiltza,dabiltze,dabiltza,dabiltza,dabiltza,ibiltzen dira,dabiltza,"ibilki dira,dabiltza","dabiltza,ibiltzen dira",dabiltza,dabiltza,"ibilki dira,dabiltza",dabiltza,ibiltzen dira
461,nenbilen,nenbilen,nenbilen,nabilen,nenbilen,nenbilen,nabilen,nindabilen,nindabilen,ibiltze nintzen,"ibiltzen nintzen,nindabilan",ibiltzen nintzen,"nindabilan,ibiltzen nintzen",nindabilan,nindabilan,ibiltzen nintzen,nabiltzan,ibiltzen nintzen
462,zebitzen,ebilen,ebilen,zabilen,zebilen,zebilen,zabilen,zabilen,zabilen,,zebilen,"ibilki zen,ibiltzen zen,zebilen",zabilan,zabilan,zabilan,zabilan,zabilan,ibiltzen zen
463,daukat,daukat,daukot,daukat,daukat,"dut,daukat",daukat,"dut,daukat","dut,daukat",daukat,"dut,atxikitzen dut,daukat","dut,daukat","Dut,atxikitzen dut","atxikitzen dut,daukat","daukat,dut","Dut,atxikitzen dut",dut,"Dut,atxikitzen dut"
464,dakar,dakar,dakar,dakarki,dakarki,dakarki,dakarra,dakarra,dakarra,ekartzen du,ekartzen du,ekartzen du,ekartzen du,ekartzen du,ekartzen du,,"horra du,ekartzen du","horra du,ekartzen du"
465,daroat,daroat,daroat,daramakit,daramakit,daramakit,daramat,daramat,daramat,eramaten dut,"eraman dut,daramat,johan dut",johan dut,eramaten dut,eramaten dut,eramaten dut,eramaten dut,eramaten dut,eramaten dut
466,daroa,daroa,daroa,daramaki,daramaki,daramaki,darama,darama,darama,eramaten du,"eraman du,eramaten du,darama,johan du",johan du,"eramaten du,darama",darama,"darama,johan du","emaiten du,johan du",eramaten du,
467,dakit,dakit,dakit,dakit,dakit,dakit,badakit,dakit,dakit,badakit,badakit,badakit,badakit,badakit,badakit,badakit,badakit,badakit
468,daki,daki,daki,daki,daki,daki,badaki,daki,daki,badaki,badaki,badaki,badaki,badaki,badaki,badaki,badaki,badaki
469,dakizue,dakizue,dakizue,dakizue,dakizue,dakizue,dakizie,dakizue,dakizue,dakizie,dakizue,dakizue,dakizue,dakizue,dakizie,dakizie,dakizie,dakizie
470,dakie,dakie,dakie,dakie,dakie,dakie,dakie,dakite,dakite,dakie,dakite,dakite,dakite,dakite,dakite,dakite,dakie,dakie
471,daki,dakiz,daki,dakizki,dakixki,dakizki,dazki,dakizki,dakizki,,dakizka,dazki,dazki,dazki,dazki,dazki,dakitza,daki
472,nenkien,nenkien,nenkien,nenkien,nenkien,nenkien,nakien,nakien,nakien,nakien,nakien,nakien,nakien,nakien,nakien,nakien,nakien,nakien
473,ekien,ekien,ekien,zekien,zekien,zekien,zakien,zakien,zakien,zekien,zakien,zakien,zakien,zakien,zakien,zakien,zakien,zakien
474,baleki,baleki,baleki,"balekike,baleki",balaki,baleki,balaki,bazekien,balaki,balaki,balaki,balaki,balaki,balaki,balaki,balaki,baleki,balaki
475,pl,pl,pl,pl,pl,pl,pl,pl,pl,pl,sing,sing,sing,"sing,pl",sing,pl,sing,sing
476,pl,pl,pl,pl,pl,pl,pl,pl,pl,pl,pl,pl,pl,pl,pl,pl,sing,pl
477,tzen,tzen,tzen,tzen,tzen,tzen,tzen,tzera,tzera,tzera,tzerat,tzerat,tzera,tzera,tzera,tzerat,tzera,tzera
478,abs,abs,abs,abs,abs,abs,abs,abs,"gen,abs","gen,abs",abs,"abs,gen",gen,gen,"abs,gen",gen,gen,gen
479,ekin,ekin,ekin,entzat,az,az,az,az,az,az,az,az,az,az,az,az,az,az
480,SezAO,SezAO,SezOA,"OezA,SOezA",ezSOA,ezOA,ezAO,ezAO,ezAO,ezAO,ezAO,ezOA,ezOA,ezOA,ezAO,ezAO,ezAO,ezOA
481,besterik,baino,besterik,"baino,bakarrik",besterik,bakarrik,"besterik,bakarrik",besterik,besterik,baizik,baizik,baizik,baizik,baizik,baizik,baizik,baizik,baizik
482,Ø,Ø,Ø,al,al,al,Ø,Ø,Ø,a,"ote a,ote,a","ote,Ø,a",a,a,a,a,"a,ote,Ø","a,ote a,ote"
483,ten,ten,ten,ten,ten,ten,ten,ten,ten,ten,ten,ten,ten,ten,"ten,ka",ten,ten,ten
484,eduki,eduki,eduki,"eduki,ukan",eduki,eduki,eduki,ukan,ukan,ukan,ukan,"eduki,ukan",ukan,ukan,ukan,ukan,ukan,ukan
485,egon,egon,egon,"izan,egon",izan,izan,"izan,egon",egon,izan,egon,"izan,egon","egon,izan","egon,izan",egon,"egon,izan","izan,egon",egon,egon
486,ibili,egon,ibili,ari,"ibili,ari","ari,ibili",ari,ari,ari,"ari,jardun",ari,ari,ari,ari,ari,"ari,erauntsi","erauntsi,ari","erauntsi,ari"
487,egon,egon,egon,"jardun,ari",ari,ari,"egon,ari",ari,ari,"ari,egon",ari,ari,ari,ari,ari,,ari,
488,dio,dio,dio,dio,dio,dio,du,dio,dio,du,du,du,du,du,du,du,du,du
489,ukan,ukan,ukan,ukan,ukan,ukan,ukan,ukan,ukan,ukan,"izan,ukan",izan,"ukan,izan",izan,izan,izan,izan,izan
490,dio,dio,dio,dio,dio,dio,dio,dio,,da,du,du,du,du,du,du,du,du
491,dio,dio,dio,dio,dio,dio,du,dio,dio,du,"du,dio",du,du,"du,dio",du,dio,du,du
492,du,du,du,du,du,du,du,dio,dio,du,du,du,du,du,du,,du,du
493,du,du,du,du,du,du,du,du,du,du,du,du,du,du,du,du,du,du
494,besterik,,besterik,da,da,besterik,besterik,da,da,du,"da,du",besterik,du,du,du,du,besterik,besterik
495,du,du,du,besterik,da,besterik,besterik,da,besterik,besterik,besterik,besterik,besterik,besterik,besterik,besterik,besterik,besterik
496,besterik,besterik,du,besterik,besterik,du,besterik,du,du,du,da,du,du,du,du,du,besterik,du
497,du,du,du,du,du,du,du,du,du,du,da,du,du,da,da,da,da,da
498,ekin,,ekin,ekin,ekin,az,ekin,az,az,az,az,az,ak,az,"az,ak",az,,az
499,dio,dio,dio,zaio,zaio,zaio,zaio,zaio,zaio,zaio,"niretzat da,zaio",zaio,"niretzat da,zaio",zaio,zaio,zaio,zaio,zaio
500,dio,dio,dio,dio,dio,dio,du,dio,dio,dio,dio,dio,"dio,du",dio,dio,dio,dio,dio
501,du,du,du,du,du,du,du,du,du,du,du,da,du,du,du,du,da,da
502,du,du,du,du,du,du,du,du,du,du,du,da,du,du,du,du,"da,du",da
503,du,du,du,"joatea baduzu,du",da,da,du,da,da,da,da,da,da,da,da,da,da,da
504,du,du,da,"joatea eduki,du","joatea eduki,da",da,du,da,da,da,da,da,da,da,da,da,da,da
505,dio,dio,dio,dio,dio,dio,dio,dio,dio,dio,du,dio,"du,dio",dio,dio,du,dio,dio
506,eragin,eragin,eragin,erazi,erazi,erazi,erazi,erazi,erazi,erazi,erazi,erazi,erazi,erazi,erazi,erazi,erazi,erazi
507,beti,beti,beti,beti,beti,,,ibilki,ibilki,beti,"ibilki,beti","beti,ibilki","beti,ibilki",ibilki,beti,beti,beti,beti
508,SAL,ALS,SAL,SAL,SAL,SAL,SAL,ALS,SAL,SAL,SAL,"SAL,SLA",SAL,"SAL,SLA","SAL,SLA",SAL,"SAL,SLA",SLA
509,"A egin L,AL",A egin L,A egin L,A egin L,A egin L,A egin L,"AL,A egin L",al,al,al,al,al,al,al,al,al,al,al
510,etorri zatoz,"bazatoz,etorri zatoz",etorri zatoz,etorri zara,bazatoz,bazatoz,etorri zara,etorri zara,etorri zara,etorri zara,etorri zara,etorri zara,etorri zara,etorri zara,etorri zara,etorri zara,etorri zara,etorri zara
511,ikusi ginen,"ikusi ginen,elkar ikusi genuen","ikusi ginen,elkar ikusi genuen","elkar ikusi ginen,elkar ikusi genuen","ikusi ginen,elkar ikusi genuen","ikusi ginen,elkar ikusi genuen","ikusi ginen,elkar ikusi genuen,elkar ikusi ginen","ikusi genuen,elkar ikusi ginen",elkar ikusi ginen,elkar ikusi genuen,"ikusi genuen,elkar ikusi genuen",elkar ikusi genuen,elkar ikusi genuen,elkar ikusi genuen,"ikusi genuen,elkar ikusi genuen",elkar ikusi genuen,elkar ikusi genuen,elkar ikusi genuen
512,ikusiz,ikusiz,ikusita,"ikusten,ikusita,ikusiz","ikusiz,ikusten",ikusiz,"ikusiz,ikusita","ikusiz,ikusten","ikusiz,ikusten","ikusiz,ikusten","ikusiz,ikusten","ikusiz,ikustearekin,ikusten",ikusiz,ikusiz,ikusiz,ikusiz,"ikusten,ikustez","ikustez,ikustearekin"
513,ta,ta,ta,ta,ta,ta,ta,a,a,ik,a,a,a,"a,ik",a,"a,ik","ik,a",ik
514,ta dago,ta dago,ta dago,ta dago,ta dago,a dago,"ta dago,a da",a dago,a dago,"ik dago,a dago",a da,a da,a da,a da,a da,a da,ik da,ik da
515,da,duk,da,da,duk,duk,"duk,da",duk,duk,da,"duk,da",da,da,da,da,da,da,da
516,da,da,da,da,da,da,da,da,da,da,da,da,da,da,da,da,da,da
517,iguala,iguala,iguala,"iguala,berdina",iguala,iguala,iguala,berdina,iguala,iguala,"bera,berdina","bera,bezalakoa,berdina",berdina,berbera,bera,ber gizona,ber gizona,"ber gizona,bera"
518,bera,bera,bera,bera,bera,bera,bera,bera,bera,bera,bera,"bera,hura bera","hura bera,bera",bera,bera,ber gizona,ber gizona,ber gizona
519,baino gehiago,baino gehiago,baino gehiago,baino gehiago,baino gehiago,baino gehiago,baino gehiago,baino gehiago,baino gehiago,baino gehiago,"baino gehiago,goiti",baino gehiago,pasatu,goiti,"baino gehiago,goiti",baino gehiago,baino haboro,baino haboro
520,bere,"beran,bere",bere,bere,bere,bere,bere,bere,bere,bere,bere,bere,haren,"haren,bere",haren,,"haren,bere",haren
521,denik,denik,denik,denik,denik,denik,"dela,denik","dela,denik",dela,dela,dela,dela,dela,dela,dela,dela,dela,"dela,denik"
522,lako,lako,lako,lako,lako,lako,lako,lakotz,lakotz,bait,"bait,zeren-en,zeren-lakotz",lakotz,bait,"lakotz,bait","bait,lakotz","bait,lakotz,lakoan","lakotz,bait","lakotz,kausa,bait,zeren-bait"
523,arren,nahiz eta,ta-ere,"nahiz eta,arren,gatik",nahiz eta,ba-ere,gatik,ba-ere,ta-ere,ba-ere,"ik ere,larik,nahiz eta","nahiz-en,gatik,ik ere","ik ere,nahiz-en,gatik","ik ere,nahiz-en,gatik","ik ere,nahiz-en,gatik,ta-ere","gatik,ik ere",ik ere,"gatik,nahi ala ez,nahiz-en"
524,en artean,en artean,en artean,en artean,en artean,en artean,en artean,en artean,en artean,en artean,naizeno,naizeno,naizeno,naizeno,naizeno,naizeno,naizeno,naizeno
525,ba,ba,ba,"ba,ez gero",baldin ba,ba,"ba,ez gero",ba,baldin ba,ba,"eta,ez geroz,baldin ba","ez geroz,ba,eta","ez geroz,ondoan","eta,baldin ba,ez geroz","eta,ba,ez geroz","eta,ez geroz","ik,ez geroztik","ondoan,ez geroztik"
526,ba-na,ba,ba,"ba,ez gero",baldin ba,ba-na,"baldin ba,baldin ba-na,ba",baldin ba-na,baldin ba-na,ba,baldin ba,"ba,en ber,baldin ba","en ber,en puntutik","baldin ba,en ber",en ber,en ber,en ber,en ber
527,enean,enean,enean,en garaian,"enean,en garaian",enean,enean,elarik,elarik,enean,"elarik,enean","elarik,enean","elarik,enean","eta,enean,elarik",elarik,elarik,enean,"ondoan,elarik,enean"
528,dena,dena,dela,dela,dela,dela,dela,dela,dela,dela,dela,dela,dela,dela,dela,dela,dela,dela
529,dela,dela,dela,dela,dela,dela,dela,"dela,den",dela,"dela,den",den,"dela,den",den,den,den,dela,"dela,den","dela,den"
530,"rik ela,elakoan",tekotan,"rik ela,elakoan",elakoan,elakoan,en ustean,"ustez ela,tzeko amoan,elakoan",ustez en,elakoan,"ustez en,elakoan","ustez en,elakoan","ustez en,elakotz,elakoan","ustez ela,elakoan",ustez en,"teko ustekerian,baizik eta-ela,ela ustekerian","ustez en,elakotz","ustez ela,elako esperantzan","elako esperantzan,ustez en,elakoan,ustekerian ela"
531,badago etxetan,badago etxea,"hainbeste etxe dago,badago etxetan",bada etxea,bada etxea,badago etxea,badago etxea,bada etxea,bada etxea,bada etxe anitz,"bada etxerik,bada etxe anitz","bada etxe franko,bada etxe","bada etxea,bada anitz etxe,bada etxe",bada etxe,"bada etxea,bada etxerik","bada etxea,bada etxerik,bada etxe",bada etxerik,"bada etxe,bada etxerik"
532,den,den,den,den,den,den,den,den,den,den,den,den,den,denetz,denetz,denetz,denetz,denetz
533,-en,-en,-en,ba-en,-ko den,ba-en,-en,-ko den,-en,-en,-ko den,-ko den,-en,-enez,-enez,-ko denez,-ko denez,-enez
534,ko,ko,ko,ko,ko,ko,en,en,en,en,en,"en,ko",en,en,en,en,en,en
535,-enean,-enean,-enean,-en garaian,-en garaian,-enean,-enean,-elarik,-elarik,-enean,-elarik,-elarik,-elarik,-elarik,-elarik,-elarik,"-enean,-elarik",-elarik
536,a,a,a,a,a,a,a,a,a,a,a,a,a,a,a,a,a,a
537,e,e,e,e,e,e,e,e,e,e,e,e,e,e,e,e,e,e
538,i,i,i,i,i,i,i,i,i,i,i,i,i,i,i,i,i,i
539,o,o,o,o,o,o,o,o,o,o,o,o,o,o,o,o,o,o
540,u,u,u,u,u,u,u,u,u,u,u,u,u,u,u,u,u,u
541,u,u,u,u,u,u,u,u,u,u,u,u,u,u,u,ü,ü,ü
542,p,p,p,p,p,p,p,p,p,p,p,p,p,p,p,p,p,p
543,t,t,t,t,t,t,t,t,t,t,t,t,t,t,t,t,t,t
544,k,k,k,k,k,k,k,k,k,k,k,k,k,k,k,k,k,k
545,b,b,b,b,b,b,b,b,b,b,b,b,b,b,b,b,b,b
546,d,d,d,d,d,d,d,d,d,d,d,d,d,d,d,d,d,d
547,g,g,g,g,g,g,g,g,g,g,g,g,g,g,g,g,g,g
548,p,p,p,p,p,p,p,p,p,p,p,p,p,p,"p,ph",p,ph,ph
549,t,t,t,t,t,t,t,t,t,t,t,t,t,t,th,t,th,th
550,k,k,k,k,k,k,k,k,k,k,k,k,k,k,kh,k,kh,kh
551,m,m,m,m,m,m,m,m,m,m,m,m,m,m,m,m,m,m
552,n,n,n,n,n,n,n,n,n,n,n,n,n,n,n,n,n,n
553,f,f,f,f,f,f,f,f,f,f,f,f,f,f,f,f,f,f
554,Ø,Ø,Ø,Ø,Ø,Ø,Ø,Ø,Ø,Ø,Ø,Ø,Ø,h,h,h,h,h
555,j,j,j,j,j,j,j,y,dd,x,y,y,y,y,y,y,Ʒ,Ʒ
556,j,j,j,j,j,j,j,j,j,j,y,y,y,y,y,y,Ʒ,Ʒ
557,s,s,s,s,s,s,s,s,s,s,s,s,s,s,s,s,s,s
558,s,z,s,z,z,z,z,z,z,z,z,z,z,z,z,z,z,z
559,tx,tx,tx,tx,tx,tx,tx,x,x,tx,x,x,x,x,x,x,tx,tx
560,tz,tx,ts,tx,tx,tx,ts,ts,ts,ts,ts,ts,ts,ts,ts,ts,ts,ts
561,tz,tz,tz,tz,tz,tz,tz,tz,tz,tz,tz,tz,tz,tz,tz,tz,tz,tz
562,tx,tx,tx,tx,tx,tx,tx,tx,tx,tx,tx,tx,tx,tx,tx,tx,tx,tx
563,l,l,l,l,l,l,l,l,l,l,l,l,l,l,l,l,l,l
564,rr,rr,rr,rr,rr,rr,rr,rr,rr,rr,R,R,rr,rr,rr,rr,rr,rr
565,r,r,r,r,r,r,r,r,r,r,r,r,r,r,r,r,Ø,Ø
566,s,s,s,s,z,z,z,z,z,z,z,z,z,z,z,z,z,z
567,s,s,s,s,s,s,s,s,s,s,s,s,s,s,s,s,s,s
568,tz,tz,tz,tz,tz,tz,tz,tz,tz,tz,tz,tz,tz,tz,tz,tz,tz,tz
569,tz,tz,tz,ts,ts,ts,ts,ts,ts,ts,ts,ts,ts,ts,ts,ts,ts,ts
570,ñ,ñ,ñ,ñ,ñ,ñ,ñ,n,n,n,n,n,n,n,n,n,n,n
571,ll,ll,ll,ll,ll,ll,ll,ll,ll,ll,l,l,l,l,l,l,ll,l
572,s,z,s,z,z,z,z,z,z,z,z,z,z,z,z,z,z,z
573,tt,tt,tt,t,t,tt,tt,t,t,t,t,t,t,t,th,t,th,th
574,tt,tt,tt,tt,tt,tt,tt,tt,tt,tt,t,t,t,t,t,t,t,t
575,ll,ll,ll,ll,ll,ll,ll,ll,ll,ll,l,l,l,ll,l,ll,ll,ll
576,a,a,a,a,a,a,e,e,e,a,a,a,a,a,a,a,a,a
577,Ø,Ø,Ø,y,dd,Ø,y,Ø,Ø,Ø,h,Ø,Ø,h,h,Ø,h,h
578,ei,ei,ei,ei,ei,ei,ei,ei,ei,ei,ei,ei,ei,ei,ei,ei,ei,ei
579,au,au,au,au,au,au,au,au,au,au,au,au,au,au,au,au,au,au
580,a,a,aa,a,a,a,a,a,a,a,aa,aa,aa,aa,aa,aa,aa,aa
581,tu,tu,tu,tu,tu,tu,tu,tu,tu,tu,tu,tu,tu,tu,tu,tu,tu,tu
582,ia,ia,ia,a,a,a,a,a,a,a,a,a,a,a,a,a,a,a
583,ia,ia,ia,ia,ea,ea,ia,ee,ee,ia,ea,ia,ea,ia,ja,ia,ia,"ia,i"
584,iƷa,ixa,iƷa,ixa,ie,ie,idda,ie,ie,ya,ia,ia,ia,ia,ia,ia,ia,ia
585,ua,ua,ua,ua,ua,oa,wa,oa,oe,oa,oa,oa,oa,oa,oa,oa,ua,ue
586,ua,ua,ua,uba,uba,ue,uba,we,we,ue,wia,wia,ua,ia,ia,ia,ia,ia
587,ak,ak,ak,ak,ak,ak,ak,ak,ak,ak,ak,ak,ak,ak,ak,ak,ak,ak
588,iak,iak,iak,ek,ek,ek,jek,euk,euk,eak,eak,eak,jak,iak,jak,jak,iak,ik
589,iƷak,ixak,iƷak,iyak,ik,ik,iddek,iek,iak,jak,"iak,jak",iak,iak,jak,iak,jak,iak,ik
590,uak,uak,uak,ok,ok,ok,wek,ouk,ouk,oak,oak,oak,oak,wak,oak,oak,uk,uk
591,uak,uak,uak,uk,uk,uk,ube,wek,wek,"oak,uak",wiak,wiak,uak,iak,iak,iak,iak,ik
592,ek,ek,ek,ek,ak,ak,"ak,ek",ek,ek,ek,ek,ek,ek,ek,ek,ek,ek,ek
593,ngo,ngo,ngo,ngo,ngo,ngo,ngo,ngo,ngo,ngo,ngo,ngo,ngo,ngo,ngo,ngo,nko,nko
594,ld,ld,ld,ld,ld,ld,ld,ld,ld,ld,ld,ld,ld,ld,ld,ld,lt,lt
595,bat,bat,bat,bat,bat,bat,bet,bat,bat,bat,bat,bat,bat,bat,bat,bat,bat,bat
596,da,da,da,da,da,da,da,de,de,da,da,da,da,da,da,da,da,da
597,bat,bat,bat,bat,bat,bat,bet,bet,bat,bat,bat,bat,bat,bat,bat,bat,bat,bat
598,bat,bat,bat,bat,bat,bat,bet,bet,bet,bat,bat,bat,bat,bat,bat,bat,bat,bat
599,da,,da,da,da,da,da,de,de,da,da,da,da,da,da,da,da,da
600,bat,bat,bat,bat,bat,bat,bet,bet,bet,bat,bat,bat,bat,bat,bat,bat,bat,bat
601,tb,b,"tb,p",b,"p,b",tb,p,p,tp,db,"b,tb",db,p,b,b,b,b,p
602,tb,d,t,d,t,t,d,t,t,d,t,"td,t","d,t","d,t","d,t",d,"td,t",t
603,tg,g,g,g,"g,","tg,g","tg,g","k,g","g,k",dg,g,tg,"tg,g",g,g,g,k,
604,kb,p,p,"b,p","p,b",b,"b,p","b,p",p,gb,kb,kb,gb,gb,gb,gb,kb,kb
605,kd,d,t,d,t,"kd,t","t,d,kd",t,kd,"d,gd","t,kd","t,d,kd","kd,gd","t,gd",t,"gd,d",t,d
606,g,g,g,g,g,g,g,k,k,gg,kg,kg,"k,g","g,k",g,g,g,kg
607,tp,p,p,p,p,p,p,p,tp,tp,p,tp,tp,p,p,p,p,tp
608,tk,,k,k,k,k,"tk,k",k,tk,tk,tk,tk,tk,tk,k,k,tk,tk
609,kp,k,kp,,"kp,p",kp,p,gp,,,p,kp,,,p,p,,
610,t,t,kt,,"kt,t",kt,t,gt,kt,kt,,kt,,kt,kt,kt,,
611,k,k,k,k,k,k,k,k,k,k,k,k,k,k,k,k,k,k
612,sb,sb,,zb,sb,sb,sb,sb,tsb,zb,"sb,zb","sb,tsb",sb,sb,sb,sb,sb,sb
613,sd,"tzd,zd",tzd,zd,sd,tsd,sd,sd,sd,st,sd,"st,sd",sd,sd,sd,sd,sd,sd
614,tzg,sg,tzg,sg,sg,sg,sg,sg,tzg,sg,sg,sg,sg,sg,sg,sg,sg,sg
615,sb,"sb,Ʒb",tzb,"tzb,zb","sb,sp",zb,tzb,"zb,tzb",dzb,zb,zb,zb,zb,"tzb,zb",zb,zb,zb,"tzb,zb"
616,sd,,sd,sd,sd,sd,zd,sdz,dzd,zd,zd,zd,"zd,zt",sd,zt,zd,zd,zd
617,sg,tzg,"tzg,sg",sg,sg,sg,sg,zg,dzg,zg,zg,zg,,zg,zg,,zg,zg
618,tl,l,l,l,l,l,"tl,l",l,"tl,l",dl,l,tl,l,tl,l,l,l,l
619,sn,,sn,sn,sn,sn,sn,sn,sn,zn,"sn,n","sn,n","sn,n","sn,n","n,sn","n,stn",n,"sn,tn,n"
620,tz,s,s,z,z,tz,z,z,"t.z,tz",tz,tz,tz,tz,tz,tz,tz,tz,tz
621,ks,s,s,kz,z,z,"z,gz,kz",z,kz,kz,tz,tz,"tz,gz",gz,tz,kz,ktz,ktz
622,l,Ʒl,l,l,l,zl,l,zl,,,l,"l,tl,zl",l,l,l,l,l,l
623,n,n,zn,"n,zn",n,zn,n,zn,n,n,n,n,"n,zn",n,n,n,n,n
624,tz,s,tz,tz,tz,tz,tz,tz,tz,tz,tz,tz,tz,tz,tz,tz,tz,tz
625,sb,sp,sp,zp,zp,zp,"zp,zb",zp,zp,zb,zb,zb,zp,zp,zp,zp,zp,zp
626,st,zt,st,zt,zt,zt,zt,zt,zt,zt,zt,zt,"zt,zd",zt,zt,zt,zt,zt
627,sk,sk,sk,zk,zg,zg,zg,zk,zk,zg,zg,zg,zg,zg,zg,zg,zk,zk
628,,,,,,,z,zy,"z,zy",,,,h,,h,h,h,h
629,s,z,s,tz,tz,tz,"z,tz",z,z,z,z,z,tz,tz,tz,z,tz,
630,nz,nz,nz,ntz,ntz,ntz,"nz,ntz",ntz,ntz,nz,"nz,ntz",nz,ntz,ntz,ntz,ntz,ntz,ntz
631,rz,rz,rz,rtz,rtz,rz,"rz,rtz",rtz,rz,rz,rz,rtz,rz,rz,rtz,"rz,rtz",rtz,
632,bereizketarik ez,bereizketa,bereizketarik ez,bereizketa,bereizketa,bereizketarik ez,bereizketarik ez,bereizketarik ez,bereizketarik ez,bereizketarik ez,bereizketarik ez,bereizketarik ez,bereizketarik ez,bereizketarik ez,bereizketarik ez,bereizketarik ez,bereizketa,bereizketa
633,bereizketarik ez,bereizketa,bereizketa,bereizketa,bereizketa,bereizketa,bereizketarik ez,bereizketarik ez,bereizketarik ez,bereizketa,bereizketarik ez,bereizketarik ez,bereizketarik ez,bereizketarik ez,bereizketarik ez,bereizketarik ez,bereizketarik ez,bereizketarik ez
634,bereizketarik ez,bereizketarik ez,bereizketarik ez,bereizketarik ez,bereizketarik ez,bereizketarik ez,bereizketarik ez,bereizketarik ez,bereizketarik ez,bereizketarik ez,bereizketarik ez,bereizketarik ez,bereizketarik ez,bereizketarik ez,bereizketarik ez,bereizketarik ez,bereizketarik ez,bereizketarik ez
635,bereizketa,bereizketa,bereizketarik ez,bereizketa,bereizketa,bereizketa,bereizketa,bereizketarik ez,bereizketarik ez,bereizketarik ez,bereizketarik ez,bereizketa,bereizketarik ez,bereizketa,bereizketa,bereizketa,bereizketarik ez,bereizketarik ez
636,bereizketarik ez,bereizketa,bereizketarik ez,bereizketarik ez,bereizketarik ez,bereizketarik ez,bereizketarik ez,bereizketa,bereizketa,bereizketarik ez,bereizketa,bereizketarik ez,bereizketa,bereizketarik ez,bereizketarik ez,bereizketarik ez,bereizketa,bereizketa
637,bereizketarik ez,bereizketarik ez,bereizketa,bereizketarik ez,bereizketarik ez,bereizketarik ez,bereizketarik ez,bereizketarik ez,bereizketarik ez,bereizketa,bereizketarik ez,bereizketarik ez,bereizketarik ez,bereizketarik ez,bereizketarik ez,bereizketarik ez,bereizketarik ez,bereizketarik ez
638,bereizketarik ez,bereizketarik ez,bereizketarik ez,bereizketarik ez,bereizketarik ez,bereizketarik ez,bereizketa,bereizketarik ez,bereizketarik ez,bereizketa,bereizketarik ez,bereizketarik ez,bereizketarik ez,bereizketarik ez,bereizketarik ez,bereizketarik ez,bereizketarik ez,bereizketarik ez
639,bereizketa,bereizketarik ez,bereizketa,bereizketa,bereizketa,bereizketa,bereizketa,bereizketarik ez,bereizketarik ez,bereizketa,bereizketa,bereizketarik ez,bereizketarik ez,bereizketarik ez,bereizketarik ez,bereizketarik ez,bereizketarik ez,bereizketarik ez
640,bereizketarik ez,bereizketarik ez,bereizketarik ez,bereizketarik ez,bereizketarik ez,bereizketarik ez,bereizketarik ez,bereizketarik ez,bereizketarik ez,bereizketarik ez,bereizketarik ez,bereizketarik ez,bereizketarik ez,bereizketarik ez,bereizketarik ez,bereizketarik ez,bereizketarik ez,bereizketarik ez
641,bereizketarik ez,bereizketarik ez,bereizketarik ez,bereizketarik ez,bereizketarik ez,bereizketarik ez,bereizketarik ez,bereizketarik ez,bereizketarik ez,bereizketarik ez,bereizketarik ez,bereizketarik ez,bereizketarik ez,bereizketarik ez,bereizketarik ez,bereizketarik ez,bereizketarik ez,bereizketarik ez
642,bereizketarik ez,bereizketa,bereizketarik ez,bereizketarik ez,bereizketarik ez,bereizketarik ez,bereizketarik ez,bereizketa,bereizketa,bereizketarik ez,bereizketarik ez,bereizketa,bereizketa,bereizketa,bereizketa,bereizketa,bereizketa,bereizketa
643,bereizketarik ez,bereizketarik ez,bereizketarik ez,bereizketarik ez,bereizketarik ez,bereizketarik ez,bereizketarik ez,bereizketarik ez,bereizketarik ez,bereizketarik ez,bereizketarik ez,bereizketarik ez,bereizketarik ez,bereizketarik ez,bereizketarik ez,bereizketarik ez,bereizketarik ez,bereizketarik ez
644,bereizketarik ez,bereizketarik ez,bereizketarik ez,bereizketarik ez,bereizketarik ez,bereizketarik ez,bereizketa,bereizketarik ez,bereizketarik ez,bereizketa,bereizketarik ez,bereizketarik ez,bereizketarik ez,bereizketarik ez,bereizketarik ez,bereizketarik ez,bereizketarik ez,bereizketarik ez
645,bereizketarik ez,bereizketarik ez,bereizketarik ez,bereizketarik ez,bereizketarik ez,bereizketarik ez,bereizketarik ez,bereizketarik ez,bereizketarik ez,bereizketarik ez,bereizketa,bereizketarik ez,bereizketarik ez,bereizketarik ez,bereizketarik ez,bereizketarik ez,bereizketarik ez,bereizketarik ez
646,bereizketarik ez,bereizketarik ez,bereizketarik ez,bereizketarik ez,bereizketarik ez,bereizketarik ez,bereizketarik ez,bereizketarik ez,bereizketarik ez,bereizketarik ez,bereizketarik ez,bereizketarik ez,bereizketarik ez,bereizketarik ez,bereizketarik ez,bereizketarik ez,bereizketa,bereizketa
647,bereizketa,bereizketarik ez,bereizketa,bereizketa,bereizketa,bereizketa,bereizketarik ez,bereizketarik ez,bereizketarik ez,bereizketa,bereizketa,bereizketarik ez,bereizketarik ez,bereizketarik ez,bereizketarik ez,bereizketarik ez,bereizketarik ez,bereizketarik ez
648,bereizketarik ez,bereizketarik ez,bereizketarik ez,bereizketarik ez,bereizketarik ez,bereizketarik ez,bereizketa,bereizketarik ez,bereizketarik ez,bereizketarik ez,bereizketarik ez,bereizketarik ez,bereizketarik ez,bereizketarik ez,bereizketarik ez,bereizketarik ez,bereizketarik ez,bereizketarik ez